Workbook

Sheet 00_README
A1: Master Research Dataset -- Perceived Usability vs Objective Task Performance
A3: Title | B3: Evaluating the Alignment Between Perceived Usability and Objective Task Performance in a GraphRAG-Based Campus Virtual Assistant
A4: Purpose of this dataset | B4: Master, reusable observation-level dataset joining the human ASQ usability study to objective production task-performance, latency, and citation-correctness records, for direct statistical analysis in Excel, Python, R, or SPSS.
A5: Dataset build date | B5: 2026-08-10
A6: Data sources | B6: Sole source: campus-va/evaluation/reports/2026-08-02/raw_joined_by_scenario.csv -- an already-anonymized (R01-R22, no PII), already-validated join of the 2026-07-16 human ASQ study (evaluation/reports/2026-07-16/sus_asq_final/) to production chat_evaluation_logs/citation_evaluation_logs via trace_id. See evaluation/reports/2026-08-02/README.md for the original build methodology and evaluation/scripts/build_asq_scenario_excel_2026-08-02.py for the reused statistical functions.
A7: Reconstruction method | B7: This workbook independently re-derives every statistic from the same source CSV using the same computational methods as the already-published 2026-08-02 report (functions ported verbatim, see build_research_dataset_excel_2026-08-10.py), then compares the recomputed values against that report and against the numbers explicitly reported in the paper (sheet 09_STATISTICAL_SUMMARY, reconciliation table). No respondent, score, or statistic in this workbook was invented, adjusted, or back-fit to match a target number.
A8: n participants | B8: 22
A9: n observations | B9: 43
A10: n scenarios | B10: 2 (S1 = normal campus/registration questions, S2 = difficult/ambiguous/manipulative questions)
A11: Why 43, not 44 (22x2) | B11: One participant (P016) has only an S1 observation -- no S2 row exists in the source data. This is a genuine gap in the original study, not an artifact of this reconstruction; see 10_DATA_QUALITY and 02_PARTICIPANTS.
A12: Meaning of NA | B12: NA denotes a field that is genuinely unavailable in the traceable source data (e.g. scrubbed for privacy, or never captured at this grain). Every NA has an accompanying missing_reason. No NA was estimated or imputed.
A13: SUS data (out of scope) | B13: A related instrument, the System Usability Scale (SUS, 21 respondents, mean 69.05/100), was also collected in this project but is out of scope for this ASQ-focused paper and is deliberately excluded from this workbook. See evaluation/reports/2026-07-16/sus_asq_final/ if needed later.
A14: Citation-correctness scope warning | B14: This dataset's citation-correctness figures (07_CITATION_EVALUATION, 08, 09) are per-observation values tied to the 22 real participants. A separate, unrelated 41-question automated gold-QA benchmark also reports a citation-correct rate (39.0%) -- that is a DIFFERENT instrument, not tied to these participants, and is not merged into this dataset's figures anywhere.
... A18: Data integrity statement | B18: Dataset ini disusun dari data eksperimen, log sistem, dan hasil evaluasi yang tersedia. Missing values tidak diimputasi kecuali dinyatakan secara eksplisit. No respondent, score, or statistic was fabricated to match a reported paper value; see the reconciliation table in 09_STATISTICAL_SUMMARY and dataset_reconstruction_report.md for an explicit comparison.

Sheet 01_CODEBOOK
A1: variable_name | B1: sheet | C1: data_type | D1: description | E1: unit | F1: allowed_value | G1: missing_rule | H1: analysis_role | I1: source | J1: is_formula
A2: participant_id | B2: 02_PARTICIPANTS | C2: string | D2: Anonymous participant identifier | F2: P001-P022 | H2: primary key | I2: derived: R0x (2026-08-02 linkage) -> P0xx by numeric suffix | J2: N
A3: participant_code | B3: 02_PARTICIPANTS | C3: string | D3: Alias of participant_id; no separate real code retained | H3: identifier | I3: formula: same as participant_id | J3: Y
A4: participant_group | B4: 02_PARTICIPANTS | C4: string | D4: Participant category (student/prospective student/staff) | F4: NA | G4: not recorded anywhere in the source data | H4: grouping (unavailable) | I4: NA | J4: N
A5: completed_s1 | B5: 02_PARTICIPANTS | C5: boolean | D5: Whether this participant has an S1 observation | I5: COUNTIFS over 03_OBSERVATIONS | J5: Y
A6: completed_s2 | B6: 02_PARTICIPANTS | C6: boolean | D6: Whether this participant has an S2 observation | I6: COUNTIFS over 03_OBSERVATIONS | J6: Y
A7: total_observations | B7: 02_PARTICIPANTS | C7: integer | D7: Count of observation rows for this participant | I7: COUNTIF over 03_OBSERVATIONS | J7: Y
A8: notes | B8: 02_PARTICIPANTS | C8: string | D8: Free-text note (e.g. missing scenario) | I8: derived | J8: N
A9: observation_id | B9: 03_OBSERVATIONS | C9: string | D9: Unique observation identifier | F9: OBS001-OBS043 | H9: primary key | I9: derived: sequential, sorted by participant_id then scenario_id | J9: N
A10: participant_id | B10: 03_OBSERVATIONS | C10: string | D10: Participant this observation belongs to | H10: foreign key -> 02_PARTICIPANTS | I10: from raw_joined_by_scenario.csv (r0x) | J10: N
A11: scenario_id | B11: 03_OBSERVATIONS | C11: category | D11: Scenario | F11: S1/S2 | I11: raw_joined_by_scenario.csv:scenario | J11: N
A12: scenario_order | B12: 03_OBSERVATIONS | C12: integer | D12: 1=S1, 2=S2 | I12: formula: IF(scenario_id="S1",1,2) | J12: Y
A13: session_id | B13: 03_OBSERVATIONS | C13: string | D13: Production session identifier | F13: NA | G13: scrubbed from the safe/anonymized export for participant privacy | I13: NA | J13: N
A14: timestamp_start | B14: 03_OBSERVATIONS | C14: datetime | D14: Scenario start timestamp | F14: NA | G14: not present in the safe per-observation export | I14: NA | J14: N
A15: timestamp_end | B15: 03_OBSERVATIONS | C15: datetime | D15: Scenario end timestamp | F15: NA | G15: not present in the safe per-observation export | I15: NA | J15: N
A16: query_text | B16: 03_OBSERVATIONS | C16: string | D16: User question text | F16: NA | G16: not present in the safe per-observation export | I16: NA | J16: N
A17: response_id | B17: 03_OBSERVATIONS | C17: string | D17: System response identifier | F17: NA | G17: not present in the safe per-observation export | I17: NA | J17: N
A18: task_status | B18: 03_OBSERVATIONS | C18: category | D18: Production answer_status for this turn | F18: verified/out_of_domain/insufficient_context/fallback_enforced/needs_clarification/blank | G18: blank when no trace_id was linked (1 row: participant with no matched production turn) | I18: raw_joined_by_scenario.csv:answer_status | J18: N
A19: data_source | B19: 03_OBSERVATIONS | C19: string | D19: Provenance of this row | I19: derived: source file + row | J19: N
A20: missing_flag | B20: 03_OBSERVATIONS | C20: boolean | D20: TRUE if task_status is blank | I20: formula: IF(task_status="",TRUE,FALSE) | J20: Y
A21: missing_reason | B21: 03_OBSERVATIONS | C21: string | D21: Why task_status is blank, if applicable | I21: derived | J21: N
A22: observation_id | B22: 04_ASQ_RESPONSES | C22: string | D22: FK to 03_OBSERVATIONS | H22: foreign key | I22: formula: ='03_OBSERVATIONS' same row | J22: Y
A23: participant_id | B23: 04_ASQ_RESPONSES | C23: string | D23: FK to 02_PARTICIPANTS | I23: formula: ='03_OBSERVATIONS' same row | J23: Y
A24: scenario_id | B24: 04_ASQ_RESPONSES | C24: category | D24: S1/S2 | I24: formula: ='03_OBSERVATIONS' same row | J24: Y
A25: asq_q1_ease | B25: 04_ASQ_RESPONSES | C25: integer | D25: ASQ item 1: ease of completing the task | E25: 1-7 Likert | F25: 1-7 | I25: raw_joined_by_scenario.csv:asq_1 | J25: N
A26: asq_q2_time | B26: 04_ASQ_RESPONSES | C26: integer | D26: ASQ item 2: satisfaction with time taken | E26: 1-7 Likert | F26: 1-7 | I26: raw_joined_by_scenario.csv:asq_2 | J26: N
A27: asq_q3_information_support | B27: 04_ASQ_RESPONSES | C27: integer | D27: ASQ item 3: satisfaction with information/citations/messages | E27: 1-7 Likert | F27: 1-7 | I27: raw_joined_by_scenario.csv:asq_3 | J27: N
A28: asq_mean | B28: 04_ASQ_RESPONSES | C28: decimal | D28: Mean of the 3 ASQ items | E28: 1-7 | H28: primary DV (perceived usability) | I28: formula: AVERAGE(q1,q2,q3) | J28: Y
A29: asq_complete | B29: 04_ASQ_RESPONSES | C29: boolean | D29: TRUE iff all 3 items present | I29: formula: IF(COUNT(q1:q3)=3,TRUE,FALSE) | J29: Y
A30: asq_notes | B30: 04_ASQ_RESPONSES | C30: string | D30: Free-text note | I30: derived (source notes column empty) | J30: N
A31: observation_id | B31: 05_TASK_PERFORMANCE | C31: string | D31: FK | I31: same row as 03 | J31: Y
A32: participant_id | B32: 05_TASK_PERFORMANCE | C32: string | D32: FK | I32: same row as 03 | J32: Y
A33: scenario_id | B33: 05_TASK_PERFORMANCE | C33: category | D33: S1/S2 | I33: same row as 03 | J33: Y
A34: task_success | B34: 05_TASK_PERFORMANCE | C34: binary | D34: 1=success, 0=not success, blank=no linked turn | F34: 0/1/blank | H34: primary objective-performance DV | I34: raw_joined_by_scenario.csv:task_success (rule: answer_status in {answered, verified}) | J34: N
A35: task_status | B35: 05_TASK_PERFORMANCE | C35: category | D35: same as 03_OBSERVATIONS.task_status | I35: formula: ='03_OBSERVATIONS' same row | J35: Y
A36: completion_time_sec | B36: 05_TASK_PERFORMANCE | C36: numeric | D36: Completion time proxy | E36: seconds | I36: raw_joined_by_scenario.csv:completion_time_s | J36: N
A37: completion_time_source | B37: 05_TASK_PERFORMANCE | C37: string | D37: Constant: this is a proxy (ASQ-submission timestamp delta), not a stopwatch measurement | I37: constant | J37: N
A38: success_evidence | B38: 05_TASK_PERFORMANCE | C38: string | D38: Evidence text derived from task_status | I38: derived | J38: N
A39: evaluator_notes | B39: 05_TASK_PERFORMANCE | C39: string | D39: Flags negative/outlier completion-time rows per source's own validity flags | I39: derived | J39: N
A40: observation_id | B40: 06_SYSTEM_METRICS | C40: string | D40: FK | I40: same row as 03 | J40: Y
A41: participant_id | B41: 06_SYSTEM_METRICS | C41: string | D41: FK | I41: same row as 03 | J41: Y
A42: scenario_id | B42: 06_SYSTEM_METRICS | C42: category | D42: S1/S2 | I42: same row as 03 | J42: Y
A43: latency_ms | B43: 06_SYSTEM_METRICS | C43: numeric | D43: Total end-to-end latency for this turn | E43: milliseconds | I43: raw_joined_by_scenario.csv:total_latency_ms | J43: N
A44: retrieval_latency_ms | B44: 06_SYSTEM_METRICS | C44: numeric/string | D44: retrieval_latency_ms (not available at this grain) | F44: NA | G44: not present in the safe per-observation export; only total_latency_ms was retained | I44: NA | J44: N
A45: llm_latency_ms | B45: 06_SYSTEM_METRICS | C45: numeric/string | D45: llm_latency_ms (not available at this grain) | F45: NA | G45: not present in the safe per-observation export; only total_latency_ms was retained | I45: NA | J45: N
A46: retrieved_chunks | B46: 06_SYSTEM_METRICS | C46: numeric/string | D46: retrieved_chunks (not available at this grain) | F46: NA | G46: not present in the safe per-observation export; only total_latency_ms was retained | I46: NA | J46: N
A47: graph_nodes_retrieved | B47: 06_SYSTEM_METRICS | C47: numeric/string | D47: graph_nodes_retrieved (not available at this grain) | F47: NA | G47: not present in the safe per-observation export; only total_latency_ms was retained | I47: NA | J47: N
A48: graph_relationships | B48: 06_SYSTEM_METRICS | C48: numeric/string | D48: graph_relationships (not available at this grain) | F48: NA | G48: not present in the safe per-observation export; only total_latency_ms was retained | I48: NA | J48: N
A49: token_input | B49: 06_SYSTEM_METRICS | C49: numeric/string | D49: token_input (not available at this grain) | F49: NA | G49: not present in the safe per-observation export; only total_latency_ms was retained | I49: NA | J49: N
A50: token_output | B50: 06_SYSTEM_METRICS | C50: numeric/string | D50: token_output (not available at this grain) | F50: NA | G50: not present in the safe per-observation export; only total_latency_ms was retained | I50: NA | J50: N
A51: model_name | B51: 06_SYSTEM_METRICS | C51: numeric/string | D51: model_name (not available at this grain) | F51: NA | G51: not present in the safe per-observation export; only total_latency_ms was retained | I51: NA | J51: N
A52: request_status | B52: 06_SYSTEM_METRICS | C52: numeric/string | D52: request_status (not available at this grain) | F52: NA | G52: not present in the safe per-observation export; only total_latency_ms was retained | I52: NA | J52: N
A53: missing_reason | B53: 06_SYSTEM_METRICS | C53: string | D53: Summary note for the NA columns above | I53: derived | J53: N
A54: observation_id | B54: 07_CITATION_EVALUATION | C54: string | D54: FK | I54: same row as 03 | J54: Y
A55: participant_id | B55: 07_CITATION_EVALUATION | C55: string | D55: FK | I55: same row as 03 | J55: Y
A56: scenario_id | B56: 07_CITATION_EVALUATION | C56: category | D56: S1/S2 | I56: same row as 03 | J56: Y
A57: n_citations | B57: 07_CITATION_EVALUATION | C57: integer | D57: Number of citations returned in this turn | I57: raw_joined_by_scenario.csv:n_citations | J57: N
A58: n_valid_citations | B58: 07_CITATION_EVALUATION | C58: integer | D58: Number of those citations judged valid | I58: raw_joined_by_scenario.csv:n_valid_citations | J58: N
A59: has_correct_citation | B59: 07_CITATION_EVALUATION | C59: boolean | D59: TRUE iff n_valid_citations > 0 | H59: citation-correctness DV (per-observation, human study) | I59: formula: IF(n_valid_citations="","",n_valid_citations>0) | J59: Y
A60: citation_evaluation_method | B60: 07_CITATION_EVALUATION | C60: string | D60: Per-observation, joined via trace_id to production citation_evaluation_logs | I60: constant | J60: N
A61: evaluator_notes | B61: 07_CITATION_EVALUATION | C61: string | D61: Explicitly NOT the separate 41-question automated gold-QA citation-correct rate (39.0%) -- that is a different instrument, not tied to these 22 participants; see 09 methodology notes | I61: constant | J61: N
A62: observation_id | B62: 08_MERGED_ANALYSIS | C62: string | D62: PK / join key | I62: same row as 03 | J62: Y
A63: participant_id | B63: 08_MERGED_ANALYSIS | C63: string | D63: FK | I63: INDEX/MATCH into 04 on observation_id | J63: Y
A64: scenario_id | B64: 08_MERGED_ANALYSIS | C64: category | D64: S1/S2 | I64: INDEX/MATCH into 04 on observation_id | J64: Y
A65: asq_q1_ease | B65: 08_MERGED_ANALYSIS | C65: integer | D65: same as 04.asq_q1_ease | I65: INDEX/MATCH into 04 | J65: Y
A66: asq_q2_time | B66: 08_MERGED_ANALYSIS | C66: integer | D66: same as 04.asq_q2_time | I66: INDEX/MATCH into 04 | J66: Y
A67: asq_q3_information_support | B67: 08_MERGED_ANALYSIS | C67: integer | D67: same as 04.asq_q3_information_support | I67: INDEX/MATCH into 04 | J67: Y
A68: asq_mean | B68: 08_MERGED_ANALYSIS | C68: decimal | D68: same as 04.asq_mean | I68: INDEX/MATCH into 04 | J68: Y
A69: task_success | B69: 08_MERGED_ANALYSIS | C69: binary | D69: same as 05.task_success | I69: INDEX/MATCH into 05 | J69: Y
A70: task_status | B70: 08_MERGED_ANALYSIS | C70: category | D70: same as 05.task_status | I70: INDEX/MATCH into 05 | J70: Y
A71: completion_time_sec | B71: 08_MERGED_ANALYSIS | C71: numeric | D71: same as 05.completion_time_sec | I71: INDEX/MATCH into 05 | J71: Y
... A76: paired_scenario_available | B76: 08_MERGED_ANALYSIS | C76: boolean | D76: TRUE iff this participant has both an S1 and S2 row | I76: formula: COUNTIFS(participant_id range, this participant)=2 | J76: Y
A77: (various) | B77: 09_STATISTICAL_SUMMARY | C77: mixed | D77: Descriptive stats, Cronbach's alpha, correlations, Wilcoxon test, reconciliation table | H77: primary analysis output | I77: live formulas for descriptive/Cronbach/Pearson/point-biserial; Python-computed values (scipy, same methods as build_asq_scenario_excel_2026-08-02.py) for Spearman rho/p and Wilcoxon W/p, since Excel has no native exact Wilcoxon function | J77: mixed
A78: (various) | B78: 10_DATA_QUALITY | C78: mixed | D78: Automated data-quality audit checks | I78: live formulas (COUNTIFS/SUMPRODUCT) over sheets 02-08 | J78: Y

Sheet 02_PARTICIPANTS
A1: participant_id | B1: participant_code | C1: participant_group | D1: completed_s1 | E1: completed_s2 | F1: total_observations | G1: notes
A2: P001 | B2: =A2 | C2: NA | D2: =COUNTIFS('03_OBSERVATIONS'!$B:$B,A2,'03_OBSERVATIONS'!$C:$C,"S1")>0 | E2: =COUNTIFS('03_OBSERVATIONS'!$B:$B,A2,'03_OBSERVATIONS'!$C:$C,"S2")>0 | F2: =COUNTIF('03_OBSERVATIONS'!$B:$B,A2)
A3: P002 | B3: =A3 | C3: NA | D3: =COUNTIFS('03_OBSERVATIONS'!$B:$B,A3,'03_OBSERVATIONS'!$C:$C,"S1")>0 | E3: =COUNTIFS('03_OBSERVATIONS'!$B:$B,A3,'03_OBSERVATIONS'!$C:$C,"S2")>0 | F3: =COUNTIF('03_OBSERVATIONS'!$B:$B,A3)
A4: P003 | B4: =A4 | C4: NA | D4: =COUNTIFS('03_OBSERVATIONS'!$B:$B,A4,'03_OBSERVATIONS'!$C:$C,"S1")>0 | E4: =COUNTIFS('03_OBSERVATIONS'!$B:$B,A4,'03_OBSERVATIONS'!$C:$C,"S2")>0 | F4: =COUNTIF('03_OBSERVATIONS'!$B:$B,A4)
A5: P004 | B5: =A5 | C5: NA | D5: =COUNTIFS('03_OBSERVATIONS'!$B:$B,A5,'03_OBSERVATIONS'!$C:$C,"S1")>0 | E5: =COUNTIFS('03_OBSERVATIONS'!$B:$B,A5,'03_OBSERVATIONS'!$C:$C,"S2")>0 | F5: =COUNTIF('03_OBSERVATIONS'!$B:$B,A5)
A6: P005 | B6: =A6 | C6: NA | D6: =COUNTIFS('03_OBSERVATIONS'!$B:$B,A6,'03_OBSERVATIONS'!$C:$C,"S1")>0 | E6: =COUNTIFS('03_OBSERVATIONS'!$B:$B,A6,'03_OBSERVATIONS'!$C:$C,"S2")>0 | F6: =COUNTIF('03_OBSERVATIONS'!$B:$B,A6)
A7: P006 | B7: =A7 | C7: NA | D7: =COUNTIFS('03_OBSERVATIONS'!$B:$B,A7,'03_OBSERVATIONS'!$C:$C,"S1")>0 | E7: =COUNTIFS('03_OBSERVATIONS'!$B:$B,A7,'03_OBSERVATIONS'!$C:$C,"S2")>0 | F7: =COUNTIF('03_OBSERVATIONS'!$B:$B,A7)
A8: P007 | B8: =A8 | C8: NA | D8: =COUNTIFS('03_OBSERVATIONS'!$B:$B,A8,'03_OBSERVATIONS'!$C:$C,"S1")>0 | E8: =COUNTIFS('03_OBSERVATIONS'!$B:$B,A8,'03_OBSERVATIONS'!$C:$C,"S2")>0 | F8: =COUNTIF('03_OBSERVATIONS'!$B:$B,A8)
A9: P008 | B9: =A9 | C9: NA | D9: =COUNTIFS('03_OBSERVATIONS'!$B:$B,A9,'03_OBSERVATIONS'!$C:$C,"S1")>0 | E9: =COUNTIFS('03_OBSERVATIONS'!$B:$B,A9,'03_OBSERVATIONS'!$C:$C,"S2")>0 | F9: =COUNTIF('03_OBSERVATIONS'!$B:$B,A9)
A10: P009 | B10: =A10 | C10: NA | D10: =COUNTIFS('03_OBSERVATIONS'!$B:$B,A10,'03_OBSERVATIONS'!$C:$C,"S1")>0 | E10: =COUNTIFS('03_OBSERVATIONS'!$B:$B,A10,'03_OBSERVATIONS'!$C:$C,"S2")>0 | F10: =COUNTIF('03_OBSERVATIONS'!$B:$B,A10)
A11: P010 | B11: =A11 | C11: NA | D11: =COUNTIFS('03_OBSERVATIONS'!$B:$B,A11,'03_OBSERVATIONS'!$C:$C,"S1")>0 | E11: =COUNTIFS('03_OBSERVATIONS'!$B:$B,A11,'03_OBSERVATIONS'!$C:$C,"S2")>0 | F11: =COUNTIF('03_OBSERVATIONS'!$B:$B,A11)
A12: P011 | B12: =A12 | C12: NA | D12: =COUNTIFS('03_OBSERVATIONS'!$B:$B,A12,'03_OBSERVATIONS'!$C:$C,"S1")>0 | E12: =COUNTIFS('03_OBSERVATIONS'!$B:$B,A12,'03_OBSERVATIONS'!$C:$C,"S2")>0 | F12: =COUNTIF('03_OBSERVATIONS'!$B:$B,A12)
A13: P012 | B13: =A13 | C13: NA | D13: =COUNTIFS('03_OBSERVATIONS'!$B:$B,A13,'03_OBSERVATIONS'!$C:$C,"S1")>0 | E13: =COUNTIFS('03_OBSERVATIONS'!$B:$B,A13,'03_OBSERVATIONS'!$C:$C,"S2")>0 | F13: =COUNTIF('03_OBSERVATIONS'!$B:$B,A13)
... A16: P015 | B16: =A16 | C16: NA | D16: =COUNTIFS('03_OBSERVATIONS'!$B:$B,A16,'03_OBSERVATIONS'!$C:$C,"S1")>0 | E16: =COUNTIFS('03_OBSERVATIONS'!$B:$B,A16,'03_OBSERVATIONS'!$C:$C,"S2")>0 | F16: =COUNTIF('03_OBSERVATIONS'!$B:$B,A16)
A17: P016 | B17: =A17 | C17: NA | D17: =COUNTIFS('03_OBSERVATIONS'!$B:$B,A17,'03_OBSERVATIONS'!$C:$C,"S1")>0 | E17: =COUNTIFS('03_OBSERVATIONS'!$B:$B,A17,'03_OBSERVATIONS'!$C:$C,"S2")>0 | F17: =COUNTIF('03_OBSERVATIONS'!$B:$B,A17) | G17: No S2 observation on record (see 10_DATA_QUALITY)
A18: P017 | B18: =A18 | C18: NA | D18: =COUNTIFS('03_OBSERVATIONS'!$B:$B,A18,'03_OBSERVATIONS'!$C:$C,"S1")>0 | E18: =COUNTIFS('03_OBSERVATIONS'!$B:$B,A18,'03_OBSERVATIONS'!$C:$C,"S2")>0 | F18: =COUNTIF('03_OBSERVATIONS'!$B:$B,A18)
A19: P018 | B19: =A19 | C19: NA | D19: =COUNTIFS('03_OBSERVATIONS'!$B:$B,A19,'03_OBSERVATIONS'!$C:$C,"S1")>0 | E19: =COUNTIFS('03_OBSERVATIONS'!$B:$B,A19,'03_OBSERVATIONS'!$C:$C,"S2")>0 | F19: =COUNTIF('03_OBSERVATIONS'!$B:$B,A19)
A20: P019 | B20: =A20 | C20: NA | D20: =COUNTIFS('03_OBSERVATIONS'!$B:$B,A20,'03_OBSERVATIONS'!$C:$C,"S1")>0 | E20: =COUNTIFS('03_OBSERVATIONS'!$B:$B,A20,'03_OBSERVATIONS'!$C:$C,"S2")>0 | F20: =COUNTIF('03_OBSERVATIONS'!$B:$B,A20)
A21: P020 | B21: =A21 | C21: NA | D21: =COUNTIFS('03_OBSERVATIONS'!$B:$B,A21,'03_OBSERVATIONS'!$C:$C,"S1")>0 | E21: =COUNTIFS('03_OBSERVATIONS'!$B:$B,A21,'03_OBSERVATIONS'!$C:$C,"S2")>0 | F21: =COUNTIF('03_OBSERVATIONS'!$B:$B,A21)
A22: P021 | B22: =A22 | C22: NA | D22: =COUNTIFS('03_OBSERVATIONS'!$B:$B,A22,'03_OBSERVATIONS'!$C:$C,"S1")>0 | E22: =COUNTIFS('03_OBSERVATIONS'!$B:$B,A22,'03_OBSERVATIONS'!$C:$C,"S2")>0 | F22: =COUNTIF('03_OBSERVATIONS'!$B:$B,A22)
A23: P022 | B23: =A23 | C23: NA | D23: =COUNTIFS('03_OBSERVATIONS'!$B:$B,A23,'03_OBSERVATIONS'!$C:$C,"S1")>0 | E23: =COUNTIFS('03_OBSERVATIONS'!$B:$B,A23,'03_OBSERVATIONS'!$C:$C,"S2")>0 | F23: =COUNTIF('03_OBSERVATIONS'!$B:$B,A23)

Sheet 03_OBSERVATIONS
A1: observation_id | B1: participant_id | C1: scenario_id | D1: scenario_order | E1: session_id | F1: timestamp_start | G1: timestamp_end | H1: query_text | I1: response_id | J1: task_status | K1: data_source | L1: missing_flag | M1: missing_reason
A2: OBS001 | B2: P001 | C2: S1 | D2: =IF(C2="S1",1,2) | E2: NA | F2: NA | G2: NA | H2: NA | I2: NA | J2: verified | K2: raw_joined_by_scenario.csv row 1 (r0x=R01) | L2: =IF(J2="",TRUE,FALSE)
A3: OBS002 | B3: P001 | C3: S2 | D3: =IF(C3="S1",1,2) | E3: NA | F3: NA | G3: NA | H3: NA | I3: NA | J3: verified | K3: raw_joined_by_scenario.csv row 2 (r0x=R01) | L3: =IF(J3="",TRUE,FALSE)
A4: OBS003 | B4: P002 | C4: S1 | D4: =IF(C4="S1",1,2) | E4: NA | F4: NA | G4: NA | H4: NA | I4: NA | J4: verified | K4: raw_joined_by_scenario.csv row 3 (r0x=R02) | L4: =IF(J4="",TRUE,FALSE)
A5: OBS004 | B5: P002 | C5: S2 | D5: =IF(C5="S1",1,2) | E5: NA | F5: NA | G5: NA | H5: NA | I5: NA | J5: verified | K5: raw_joined_by_scenario.csv row 4 (r0x=R02) | L5: =IF(J5="",TRUE,FALSE)
A6: OBS005 | B6: P003 | C6: S1 | D6: =IF(C6="S1",1,2) | E6: NA | F6: NA | G6: NA | H6: NA | I6: NA | J6: verified | K6: raw_joined_by_scenario.csv row 5 (r0x=R03) | L6: =IF(J6="",TRUE,FALSE)
A7: OBS006 | B7: P003 | C7: S2 | D7: =IF(C7="S1",1,2) | E7: NA | F7: NA | G7: NA | H7: NA | I7: NA | J7: verified | K7: raw_joined_by_scenario.csv row 6 (r0x=R03) | L7: =IF(J7="",TRUE,FALSE)
A8: OBS007 | B8: P004 | C8: S1 | D8: =IF(C8="S1",1,2) | E8: NA | F8: NA | G8: NA | H8: NA | I8: NA | J8: out_of_domain | K8: raw_joined_by_scenario.csv row 7 (r0x=R04) | L8: =IF(J8="",TRUE,FALSE)
A9: OBS008 | B9: P004 | C9: S2 | D9: =IF(C9="S1",1,2) | E9: NA | F9: NA | G9: NA | H9: NA | I9: NA | J9: out_of_domain | K9: raw_joined_by_scenario.csv row 8 (r0x=R04) | L9: =IF(J9="",TRUE,FALSE)
A10: OBS009 | B10: P005 | C10: S1 | D10: =IF(C10="S1",1,2) | E10: NA | F10: NA | G10: NA | H10: NA | I10: NA | J10: fallback_enforced | K10: raw_joined_by_scenario.csv row 9 (r0x=R05) | L10: =IF(J10="",TRUE,FALSE)
A11: OBS010 | B11: P005 | C11: S2 | D11: =IF(C11="S1",1,2) | E11: NA | F11: NA | G11: NA | H11: NA | I11: NA | J11: out_of_domain | K11: raw_joined_by_scenario.csv row 10 (r0x=R05) | L11: =IF(J11="",TRUE,FALSE)
A12: OBS011 | B12: P006 | C12: S1 | D12: =IF(C12="S1",1,2) | E12: NA | F12: NA | G12: NA | H12: NA | I12: NA | K12: raw_joined_by_scenario.csv row 11 (r0x=R06) | L12: =IF(J12="",TRUE,FALSE) | M12: no linked trace_id for this turn in the production source
A13: OBS012 | B13: P006 | C13: S2 | D13: =IF(C13="S1",1,2) | E13: NA | F13: NA | G13: NA | H13: NA | I13: NA | J13: out_of_domain | K13: raw_joined_by_scenario.csv row 12 (r0x=R06) | L13: =IF(J13="",TRUE,FALSE)
A14: OBS013 | B14: P007 | C14: S1 | D14: =IF(C14="S1",1,2) | E14: NA | F14: NA | G14: NA | H14: NA | I14: NA | J14: insufficient_context | K14: raw_joined_by_scenario.csv row 13 (r0x=R07) | L14: =IF(J14="",TRUE,FALSE)
A15: OBS014 | B15: P007 | C15: S2 | D15: =IF(C15="S1",1,2) | E15: NA | F15: NA | G15: NA | H15: NA | I15: NA | J15: verified | K15: raw_joined_by_scenario.csv row 14 (r0x=R07) | L15: =IF(J15="",TRUE,FALSE)
A16: OBS015 | B16: P008 | C16: S1 | D16: =IF(C16="S1",1,2) | E16: NA | F16: NA | G16: NA | H16: NA | I16: NA | J16: out_of_domain | K16: raw_joined_by_scenario.csv row 15 (r0x=R08) | L16: =IF(J16="",TRUE,FALSE)
A17: OBS016 | B17: P008 | C17: S2 | D17: =IF(C17="S1",1,2) | E17: NA | F17: NA | G17: NA | H17: NA | I17: NA | J17: verified | K17: raw_joined_by_scenario.csv row 16 (r0x=R08) | L17: =IF(J17="",TRUE,FALSE)
A18: OBS017 | B18: P009 | C18: S1 | D18: =IF(C18="S1",1,2) | E18: NA | F18: NA | G18: NA | H18: NA | I18: NA | J18: out_of_domain | K18: raw_joined_by_scenario.csv row 17 (r0x=R09) | L18: =IF(J18="",TRUE,FALSE)
A19: OBS018 | B19: P009 | C19: S2 | D19: =IF(C19="S1",1,2) | E19: NA | F19: NA | G19: NA | H19: NA | I19: NA | J19: out_of_domain | K19: raw_joined_by_scenario.csv row 18 (r0x=R09) | L19: =IF(J19="",TRUE,FALSE)
A20: OBS019 | B20: P010 | C20: S1 | D20: =IF(C20="S1",1,2) | E20: NA | F20: NA | G20: NA | H20: NA | I20: NA | J20: insufficient_context | K20: raw_joined_by_scenario.csv row 19 (r0x=R10) | L20: =IF(J20="",TRUE,FALSE)
A21: OBS020 | B21: P010 | C21: S2 | D21: =IF(C21="S1",1,2) | E21: NA | F21: NA | G21: NA | H21: NA | I21: NA | J21: insufficient_context | K21: raw_joined_by_scenario.csv row 20 (r0x=R10) | L21: =IF(J21="",TRUE,FALSE)
A22: OBS021 | B22: P011 | C22: S1 | D22: =IF(C22="S1",1,2) | E22: NA | F22: NA | G22: NA | H22: NA | I22: NA | J22: insufficient_context | K22: raw_joined_by_scenario.csv row 21 (r0x=R11) | L22: =IF(J22="",TRUE,FALSE)
A23: OBS022 | B23: P011 | C23: S2 | D23: =IF(C23="S1",1,2) | E23: NA | F23: NA | G23: NA | H23: NA | I23: NA | J23: insufficient_context | K23: raw_joined_by_scenario.csv row 22 (r0x=R11) | L23: =IF(J23="",TRUE,FALSE)
A24: OBS023 | B24: P012 | C24: S1 | D24: =IF(C24="S1",1,2) | E24: NA | F24: NA | G24: NA | H24: NA | I24: NA | J24: needs_clarification | K24: raw_joined_by_scenario.csv row 23 (r0x=R12) | L24: =IF(J24="",TRUE,FALSE)
... A44: OBS043 | B44: P022 | C44: S2 | D44: =IF(C44="S1",1,2) | E44: NA | F44: NA | G44: NA | H44: NA | I44: NA | J44: verified | K44: raw_joined_by_scenario.csv row 43 (r0x=R22) | L44: =IF(J44="",TRUE,FALSE)

Sheet 04_ASQ_RESPONSES
A1: observation_id | B1: participant_id | C1: scenario_id | D1: asq_q1_ease | E1: asq_q2_time | F1: asq_q3_information_support | G1: asq_mean | H1: asq_complete | I1: asq_notes
A2: ='03_OBSERVATIONS'!A2 | B2: ='03_OBSERVATIONS'!B2 | C2: ='03_OBSERVATIONS'!C2 | D2: 7 | E2: 7 | F2: 7 | G2: =AVERAGE(D2:F2) | H2: =IF(COUNT(D2:F2)=3,TRUE,FALSE)
A3: ='03_OBSERVATIONS'!A3 | B3: ='03_OBSERVATIONS'!B3 | C3: ='03_OBSERVATIONS'!C3 | D3: 7 | E3: 7 | F3: 7 | G3: =AVERAGE(D3:F3) | H3: =IF(COUNT(D3:F3)=3,TRUE,FALSE)
A4: ='03_OBSERVATIONS'!A4 | B4: ='03_OBSERVATIONS'!B4 | C4: ='03_OBSERVATIONS'!C4 | D4: 5 | E4: 5 | F4: 6 | G4: =AVERAGE(D4:F4) | H4: =IF(COUNT(D4:F4)=3,TRUE,FALSE)
A5: ='03_OBSERVATIONS'!A5 | B5: ='03_OBSERVATIONS'!B5 | C5: ='03_OBSERVATIONS'!C5 | D5: 5 | E5: 5 | F5: 6 | G5: =AVERAGE(D5:F5) | H5: =IF(COUNT(D5:F5)=3,TRUE,FALSE)
A6: ='03_OBSERVATIONS'!A6 | B6: ='03_OBSERVATIONS'!B6 | C6: ='03_OBSERVATIONS'!C6 | D6: 7 | E6: 7 | F6: 7 | G6: =AVERAGE(D6:F6) | H6: =IF(COUNT(D6:F6)=3,TRUE,FALSE)
A7: ='03_OBSERVATIONS'!A7 | B7: ='03_OBSERVATIONS'!B7 | C7: ='03_OBSERVATIONS'!C7 | D7: 5 | E7: 5 | F7: 5 | G7: =AVERAGE(D7:F7) | H7: =IF(COUNT(D7:F7)=3,TRUE,FALSE)
A8: ='03_OBSERVATIONS'!A8 | B8: ='03_OBSERVATIONS'!B8 | C8: ='03_OBSERVATIONS'!C8 | D8: 4 | E8: 4 | F8: 4 | G8: =AVERAGE(D8:F8) | H8: =IF(COUNT(D8:F8)=3,TRUE,FALSE)
A9: ='03_OBSERVATIONS'!A9 | B9: ='03_OBSERVATIONS'!B9 | C9: ='03_OBSERVATIONS'!C9 | D9: 4 | E9: 4 | F9: 4 | G9: =AVERAGE(D9:F9) | H9: =IF(COUNT(D9:F9)=3,TRUE,FALSE)
A10: ='03_OBSERVATIONS'!A10 | B10: ='03_OBSERVATIONS'!B10 | C10: ='03_OBSERVATIONS'!C10 | D10: 7 | E10: 7 | F10: 5 | G10: =AVERAGE(D10:F10) | H10: =IF(COUNT(D10:F10)=3,TRUE,FALSE)
A11: ='03_OBSERVATIONS'!A11 | B11: ='03_OBSERVATIONS'!B11 | C11: ='03_OBSERVATIONS'!C11 | D11: 7 | E11: 7 | F11: 7 | G11: =AVERAGE(D11:F11) | H11: =IF(COUNT(D11:F11)=3,TRUE,FALSE)
A12: ='03_OBSERVATIONS'!A12 | B12: ='03_OBSERVATIONS'!B12 | C12: ='03_OBSERVATIONS'!C12 | D12: 7 | E12: 7 | F12: 7 | G12: =AVERAGE(D12:F12) | H12: =IF(COUNT(D12:F12)=3,TRUE,FALSE)
A13: ='03_OBSERVATIONS'!A13 | B13: ='03_OBSERVATIONS'!B13 | C13: ='03_OBSERVATIONS'!C13 | D13: 7 | E13: 7 | F13: 7 | G13: =AVERAGE(D13:F13) | H13: =IF(COUNT(D13:F13)=3,TRUE,FALSE)
... A44: ='03_OBSERVATIONS'!A44 | B44: ='03_OBSERVATIONS'!B44 | C44: ='03_OBSERVATIONS'!C44 | D44: 7 | E44: 7 | F44: 7 | G44: =AVERAGE(D44:F44) | H44: =IF(COUNT(D44:F44)=3,TRUE,FALSE)

Sheet 05_TASK_PERFORMANCE
A1: observation_id | B1: participant_id | C1: scenario_id | D1: task_success | E1: task_status | F1: completion_time_sec | G1: completion_time_source | H1: success_evidence | I1: evaluator_notes
A2: ='03_OBSERVATIONS'!A2 | B2: ='03_OBSERVATIONS'!B2 | C2: ='03_OBSERVATIONS'!C2 | D2: 1 | E2: ='03_OBSERVATIONS'!J2 | F2: 8.799037 | G2: proxy: ASQ-submission timestamp delta, not stopwatch | H2: answer_status=verified
A3: ='03_OBSERVATIONS'!A3 | B3: ='03_OBSERVATIONS'!B3 | C3: ='03_OBSERVATIONS'!C3 | D3: 1 | E3: ='03_OBSERVATIONS'!J3 | F3: 54.778502 | G3: proxy: ASQ-submission timestamp delta, not stopwatch | H3: answer_status=verified
A4: ='03_OBSERVATIONS'!A4 | B4: ='03_OBSERVATIONS'!B4 | C4: ='03_OBSERVATIONS'!C4 | D4: 1 | E4: ='03_OBSERVATIONS'!J4 | F4: 65.620526 | G4: proxy: ASQ-submission timestamp delta, not stopwatch | H4: answer_status=verified
A5: ='03_OBSERVATIONS'!A5 | B5: ='03_OBSERVATIONS'!B5 | C5: ='03_OBSERVATIONS'!C5 | D5: 1 | E5: ='03_OBSERVATIONS'!J5 | F5: 239.23709 | G5: proxy: ASQ-submission timestamp delta, not stopwatch | H5: answer_status=verified
A6: ='03_OBSERVATIONS'!A6 | B6: ='03_OBSERVATIONS'!B6 | C6: ='03_OBSERVATIONS'!C6 | D6: 1 | E6: ='03_OBSERVATIONS'!J6 | F6: 302.65578 | G6: proxy: ASQ-submission timestamp delta, not stopwatch | H6: answer_status=verified
A7: ='03_OBSERVATIONS'!A7 | B7: ='03_OBSERVATIONS'!B7 | C7: ='03_OBSERVATIONS'!C7 | D7: 1 | E7: ='03_OBSERVATIONS'!J7 | F7: 393.31036 | G7: proxy: ASQ-submission timestamp delta, not stopwatch | H7: answer_status=verified
A8: ='03_OBSERVATIONS'!A8 | B8: ='03_OBSERVATIONS'!B8 | C8: ='03_OBSERVATIONS'!C8 | D8: 0 | E8: ='03_OBSERVATIONS'!J8 | F8: 118.4719 | G8: proxy: ASQ-submission timestamp delta, not stopwatch | H8: answer_status=out_of_domain
A9: ='03_OBSERVATIONS'!A9 | B9: ='03_OBSERVATIONS'!B9 | C9: ='03_OBSERVATIONS'!C9 | D9: 0 | E9: ='03_OBSERVATIONS'!J9 | F9: 90.519215 | G9: proxy: ASQ-submission timestamp delta, not stopwatch | H9: answer_status=out_of_domain
A10: ='03_OBSERVATIONS'!A10 | B10: ='03_OBSERVATIONS'!B10 | C10: ='03_OBSERVATIONS'!C10 | D10: 0 | E10: ='03_OBSERVATIONS'!J10 | F10: 71.262827 | G10: proxy: ASQ-submission timestamp delta, not stopwatch | H10: answer_status=fallback_enforced
A11: ='03_OBSERVATIONS'!A11 | B11: ='03_OBSERVATIONS'!B11 | C11: ='03_OBSERVATIONS'!C11 | D11: 0 | E11: ='03_OBSERVATIONS'!J11 | F11: 126.19546 | G11: proxy: ASQ-submission timestamp delta, not stopwatch | H11: answer_status=out_of_domain
A12: ='03_OBSERVATIONS'!A12 | B12: ='03_OBSERVATIONS'!B12 | C12: ='03_OBSERVATIONS'!C12 | E12: ='03_OBSERVATIONS'!J12 | F12: -15.005399 | G12: proxy: ASQ-submission timestamp delta, not stopwatch | H12: no linked turn | I12: negative/invalid completion-time proxy (excluded from clean stats)
A13: ='03_OBSERVATIONS'!A13 | B13: ='03_OBSERVATIONS'!B13 | C13: ='03_OBSERVATIONS'!C13 | D13: 0 | E13: ='03_OBSERVATIONS'!J13 | F13: 29.319702 | G13: proxy: ASQ-submission timestamp delta, not stopwatch | H13: answer_status=out_of_domain
A14: ='03_OBSERVATIONS'!A14 | B14: ='03_OBSERVATIONS'!B14 | C14: ='03_OBSERVATIONS'!C14 | D14: 0 | E14: ='03_OBSERVATIONS'!J14 | F14: 357.88377 | G14: proxy: ASQ-submission timestamp delta, not stopwatch | H14: answer_status=insufficient_context
A15: ='03_OBSERVATIONS'!A15 | B15: ='03_OBSERVATIONS'!B15 | C15: ='03_OBSERVATIONS'!C15 | D15: 1 | E15: ='03_OBSERVATIONS'!J15 | F15: 168.77115 | G15: proxy: ASQ-submission timestamp delta, not stopwatch | H15: answer_status=verified
A16: ='03_OBSERVATIONS'!A16 | B16: ='03_OBSERVATIONS'!B16 | C16: ='03_OBSERVATIONS'!C16 | D16: 0 | E16: ='03_OBSERVATIONS'!J16 | F16: 1755.7589 | G16: proxy: ASQ-submission timestamp delta, not stopwatch | H16: answer_status=out_of_domain
A17: ='03_OBSERVATIONS'!A17 | B17: ='03_OBSERVATIONS'!B17 | C17: ='03_OBSERVATIONS'!C17 | D17: 1 | E17: ='03_OBSERVATIONS'!J17 | F17: 417.86868 | G17: proxy: ASQ-submission timestamp delta, not stopwatch | H17: answer_status=verified
A18: ='03_OBSERVATIONS'!A18 | B18: ='03_OBSERVATIONS'!B18 | C18: ='03_OBSERVATIONS'!C18 | D18: 0 | E18: ='03_OBSERVATIONS'!J18 | F18: 143.08891 | G18: proxy: ASQ-submission timestamp delta, not stopwatch | H18: answer_status=out_of_domain
A19: ='03_OBSERVATIONS'!A19 | B19: ='03_OBSERVATIONS'!B19 | C19: ='03_OBSERVATIONS'!C19 | D19: 0 | E19: ='03_OBSERVATIONS'!J19 | F19: 181.807 | G19: proxy: ASQ-submission timestamp delta, not stopwatch | H19: answer_status=out_of_domain
A20: ='03_OBSERVATIONS'!A20 | B20: ='03_OBSERVATIONS'!B20 | C20: ='03_OBSERVATIONS'!C20 | D20: 0 | E20: ='03_OBSERVATIONS'!J20 | F20: 1912.2165 | G20: proxy: ASQ-submission timestamp delta, not stopwatch | H20: answer_status=insufficient_context
A21: ='03_OBSERVATIONS'!A21 | B21: ='03_OBSERVATIONS'!B21 | C21: ='03_OBSERVATIONS'!C21 | D21: 0 | E21: ='03_OBSERVATIONS'!J21 | F21: 212.97699 | G21: proxy: ASQ-submission timestamp delta, not stopwatch | H21: answer_status=insufficient_context
A22: ='03_OBSERVATIONS'!A22 | B22: ='03_OBSERVATIONS'!B22 | C22: ='03_OBSERVATIONS'!C22 | D22: 0 | E22: ='03_OBSERVATIONS'!J22 | F22: 399.29735 | G22: proxy: ASQ-submission timestamp delta, not stopwatch | H22: answer_status=insufficient_context
A23: ='03_OBSERVATIONS'!A23 | B23: ='03_OBSERVATIONS'!B23 | C23: ='03_OBSERVATIONS'!C23 | D23: 0 | E23: ='03_OBSERVATIONS'!J23 | F23: 316.58634 | G23: proxy: ASQ-submission timestamp delta, not stopwatch | H23: answer_status=insufficient_context
A24: ='03_OBSERVATIONS'!A24 | B24: ='03_OBSERVATIONS'!B24 | C24: ='03_OBSERVATIONS'!C24 | D24: 0 | E24: ='03_OBSERVATIONS'!J24 | F24: 40.466469 | G24: proxy: ASQ-submission timestamp delta, not stopwatch | H24: answer_status=needs_clarification
... A32: ='03_OBSERVATIONS'!A32 | B32: ='03_OBSERVATIONS'!B32 | C32: ='03_OBSERVATIONS'!C32 | D32: 1 | E32: ='03_OBSERVATIONS'!J32 | F32: 330.35588 | G32: proxy: ASQ-submission timestamp delta, not stopwatch | H32: answer_status=verified
A33: ='03_OBSERVATIONS'!A33 | B33: ='03_OBSERVATIONS'!B33 | C33: ='03_OBSERVATIONS'!C33 | D33: 1 | E33: ='03_OBSERVATIONS'!J33 | F33: 15469.873 | G33: proxy: ASQ-submission timestamp delta, not stopwatch | H33: answer_status=verified | I33: >1h outlier, excluded from clean completion-time stats
A34: ='03_OBSERVATIONS'!A34 | B34: ='03_OBSERVATIONS'!B34 | C34: ='03_OBSERVATIONS'!C34 | D34: 1 | E34: ='03_OBSERVATIONS'!J34 | F34: 397.74242 | G34: proxy: ASQ-submission timestamp delta, not stopwatch | H34: answer_status=verified
A35: ='03_OBSERVATIONS'!A35 | B35: ='03_OBSERVATIONS'!B35 | C35: ='03_OBSERVATIONS'!C35 | D35: 0 | E35: ='03_OBSERVATIONS'!J35 | F35: 1092.1194 | G35: proxy: ASQ-submission timestamp delta, not stopwatch | H35: answer_status=fallback_enforced
A36: ='03_OBSERVATIONS'!A36 | B36: ='03_OBSERVATIONS'!B36 | C36: ='03_OBSERVATIONS'!C36 | D36: 0 | E36: ='03_OBSERVATIONS'!J36 | F36: 166.95112 | G36: proxy: ASQ-submission timestamp delta, not stopwatch | H36: answer_status=out_of_domain
A37: ='03_OBSERVATIONS'!A37 | B37: ='03_OBSERVATIONS'!B37 | C37: ='03_OBSERVATIONS'!C37 | D37: 1 | E37: ='03_OBSERVATIONS'!J37 | F37: 244.59629 | G37: proxy: ASQ-submission timestamp delta, not stopwatch | H37: answer_status=verified
A38: ='03_OBSERVATIONS'!A38 | B38: ='03_OBSERVATIONS'!B38 | C38: ='03_OBSERVATIONS'!C38 | D38: 1 | E38: ='03_OBSERVATIONS'!J38 | F38: 292.04439 | G38: proxy: ASQ-submission timestamp delta, not stopwatch | H38: answer_status=verified
A39: ='03_OBSERVATIONS'!A39 | B39: ='03_OBSERVATIONS'!B39 | C39: ='03_OBSERVATIONS'!C39 | D39: 1 | E39: ='03_OBSERVATIONS'!J39 | F39: 10.748128 | G39: proxy: ASQ-submission timestamp delta, not stopwatch | H39: answer_status=verified
A40: ='03_OBSERVATIONS'!A40 | B40: ='03_OBSERVATIONS'!B40 | C40: ='03_OBSERVATIONS'!C40 | D40: 1 | E40: ='03_OBSERVATIONS'!J40 | F40: 108.84884 | G40: proxy: ASQ-submission timestamp delta, not stopwatch | H40: answer_status=verified
A41: ='03_OBSERVATIONS'!A41 | B41: ='03_OBSERVATIONS'!B41 | C41: ='03_OBSERVATIONS'!C41 | D41: 0 | E41: ='03_OBSERVATIONS'!J41 | F41: 6.478247 | G41: proxy: ASQ-submission timestamp delta, not stopwatch | H41: answer_status=out_of_domain
A42: ='03_OBSERVATIONS'!A42 | B42: ='03_OBSERVATIONS'!B42 | C42: ='03_OBSERVATIONS'!C42 | D42: 0 | E42: ='03_OBSERVATIONS'!J42 | F42: 60.753484 | G42: proxy: ASQ-submission timestamp delta, not stopwatch | H42: answer_status=out_of_domain
A43: ='03_OBSERVATIONS'!A43 | B43: ='03_OBSERVATIONS'!B43 | C43: ='03_OBSERVATIONS'!C43 | D43: 0 | E43: ='03_OBSERVATIONS'!J43 | F43: 273672.91 | G43: proxy: ASQ-submission timestamp delta, not stopwatch | H43: answer_status=needs_clarification | I43: >1h outlier, excluded from clean completion-time stats
A44: ='03_OBSERVATIONS'!A44 | B44: ='03_OBSERVATIONS'!B44 | C44: ='03_OBSERVATIONS'!C44 | D44: 1 | E44: ='03_OBSERVATIONS'!J44 | F44: 13.345913 | G44: proxy: ASQ-submission timestamp delta, not stopwatch | H44: answer_status=verified

Sheet 06_SYSTEM_METRICS
A1: observation_id | B1: participant_id | C1: scenario_id | D1: latency_ms | E1: retrieval_latency_ms | F1: llm_latency_ms | G1: retrieved_chunks | H1: graph_nodes_retrieved | I1: graph_relationships | J1: token_input | K1: token_output | L1: model_name | M1: request_status | N1: missing_reason
A2: ='03_OBSERVATIONS'!A2 | B2: ='03_OBSERVATIONS'!B2 | C2: ='03_OBSERVATIONS'!C2 | D2: 8271 | E2: NA | F2: NA | G2: NA | H2: NA | I2: NA | J2: NA | K2: NA | L2: NA | M2: NA | N2: not present in the per-observation safe export; only total end-to-end latency was retained from production chat_evaluation_logs
A3: ='03_OBSERVATIONS'!A3 | B3: ='03_OBSERVATIONS'!B3 | C3: ='03_OBSERVATIONS'!C3 | D3: 10347 | E3: NA | F3: NA | G3: NA | H3: NA | I3: NA | J3: NA | K3: NA | L3: NA | M3: NA | N3: not present in the per-observation safe export; only total end-to-end latency was retained from production chat_evaluation_logs
A4: ='03_OBSERVATIONS'!A4 | B4: ='03_OBSERVATIONS'!B4 | C4: ='03_OBSERVATIONS'!C4 | D4: 20389 | E4: NA | F4: NA | G4: NA | H4: NA | I4: NA | J4: NA | K4: NA | L4: NA | M4: NA | N4: not present in the per-observation safe export; only total end-to-end latency was retained from production chat_evaluation_logs
A5: ='03_OBSERVATIONS'!A5 | B5: ='03_OBSERVATIONS'!B5 | C5: ='03_OBSERVATIONS'!C5 | D5: 6532 | E5: NA | F5: NA | G5: NA | H5: NA | I5: NA | J5: NA | K5: NA | L5: NA | M5: NA | N5: not present in the per-observation safe export; only total end-to-end latency was retained from production chat_evaluation_logs
A6: ='03_OBSERVATIONS'!A6 | B6: ='03_OBSERVATIONS'!B6 | C6: ='03_OBSERVATIONS'!C6 | D6: 12237 | E6: NA | F6: NA | G6: NA | H6: NA | I6: NA | J6: NA | K6: NA | L6: NA | M6: NA | N6: not present in the per-observation safe export; only total end-to-end latency was retained from production chat_evaluation_logs
A7: ='03_OBSERVATIONS'!A7 | B7: ='03_OBSERVATIONS'!B7 | C7: ='03_OBSERVATIONS'!C7 | D7: 6574 | E7: NA | F7: NA | G7: NA | H7: NA | I7: NA | J7: NA | K7: NA | L7: NA | M7: NA | N7: not present in the per-observation safe export; only total end-to-end latency was retained from production chat_evaluation_logs
A8: ='03_OBSERVATIONS'!A8 | B8: ='03_OBSERVATIONS'!B8 | C8: ='03_OBSERVATIONS'!C8 | D8: 5079 | E8: NA | F8: NA | G8: NA | H8: NA | I8: NA | J8: NA | K8: NA | L8: NA | M8: NA | N8: not present in the per-observation safe export; only total end-to-end latency was retained from production chat_evaluation_logs
A9: ='03_OBSERVATIONS'!A9 | B9: ='03_OBSERVATIONS'!B9 | C9: ='03_OBSERVATIONS'!C9 | D9: 5146 | E9: NA | F9: NA | G9: NA | H9: NA | I9: NA | J9: NA | K9: NA | L9: NA | M9: NA | N9: not present in the per-observation safe export; only total end-to-end latency was retained from production chat_evaluation_logs
A10: ='03_OBSERVATIONS'!A10 | B10: ='03_OBSERVATIONS'!B10 | C10: ='03_OBSERVATIONS'!C10 | D10: 36402 | E10: NA | F10: NA | G10: NA | H10: NA | I10: NA | J10: NA | K10: NA | L10: NA | M10: NA | N10: not present in the per-observation safe export; only total end-to-end latency was retained from production chat_evaluation_logs
A11: ='03_OBSERVATIONS'!A11 | B11: ='03_OBSERVATIONS'!B11 | C11: ='03_OBSERVATIONS'!C11 | D11: 5091 | E11: NA | F11: NA | G11: NA | H11: NA | I11: NA | J11: NA | K11: NA | L11: NA | M11: NA | N11: not present in the per-observation safe export; only total end-to-end latency was retained from production chat_evaluation_logs
A12: ='03_OBSERVATIONS'!A12 | B12: ='03_OBSERVATIONS'!B12 | C12: ='03_OBSERVATIONS'!C12 | E12: NA | F12: NA | G12: NA | H12: NA | I12: NA | J12: NA | K12: NA | L12: NA | M12: NA | N12: not present in the per-observation safe export; only total end-to-end latency was retained from production chat_evaluation_logs
A13: ='03_OBSERVATIONS'!A13 | B13: ='03_OBSERVATIONS'!B13 | C13: ='03_OBSERVATIONS'!C13 | D13: 4239 | E13: NA | F13: NA | G13: NA | H13: NA | I13: NA | J13: NA | K13: NA | L13: NA | M13: NA | N13: not present in the per-observation safe export; only total end-to-end latency was retained from production chat_evaluation_logs
A14: ='03_OBSERVATIONS'!A14 | B14: ='03_OBSERVATIONS'!B14 | C14: ='03_OBSERVATIONS'!C14 | D14: 4663 | E14: NA | F14: NA | G14: NA | H14: NA | I14: NA | J14: NA | K14: NA | L14: NA | M14: NA | N14: not present in the per-observation safe export; only total end-to-end latency was retained from production chat_evaluation_logs
A15: ='03_OBSERVATIONS'!A15 | B15: ='03_OBSERVATIONS'!B15 | C15: ='03_OBSERVATIONS'!C15 | D15: 9979 | E15: NA | F15: NA | G15: NA | H15: NA | I15: NA | J15: NA | K15: NA | L15: NA | M15: NA | N15: not present in the per-observation safe export; only total end-to-end latency was retained from production chat_evaluation_logs
A16: ='03_OBSERVATIONS'!A16 | B16: ='03_OBSERVATIONS'!B16 | C16: ='03_OBSERVATIONS'!C16 | D16: 4877 | E16: NA | F16: NA | G16: NA | H16: NA | I16: NA | J16: NA | K16: NA | L16: NA | M16: NA | N16: not present in the per-observation safe export; only total end-to-end latency was retained from production chat_evaluation_logs
A17: ='03_OBSERVATIONS'!A17 | B17: ='03_OBSERVATIONS'!B17 | C17: ='03_OBSERVATIONS'!C17 | D17: 6553 | E17: NA | F17: NA | G17: NA | H17: NA | I17: NA | J17: NA | K17: NA | L17: NA | M17: NA | N17: not present in the per-observation safe export; only total end-to-end latency was retained from production chat_evaluation_logs
A18: ='03_OBSERVATIONS'!A18 | B18: ='03_OBSERVATIONS'!B18 | C18: ='03_OBSERVATIONS'!C18 | D18: 4314 | E18: NA | F18: NA | G18: NA | H18: NA | I18: NA | J18: NA | K18: NA | L18: NA | M18: NA | N18: not present in the per-observation safe export; only total end-to-end latency was retained from production chat_evaluation_logs
A19: ='03_OBSERVATIONS'!A19 | B19: ='03_OBSERVATIONS'!B19 | C19: ='03_OBSERVATIONS'!C19 | D19: 4908 | E19: NA | F19: NA | G19: NA | H19: NA | I19: NA | J19: NA | K19: NA | L19: NA | M19: NA | N19: not present in the per-observation safe export; only total end-to-end latency was retained from production chat_evaluation_logs
A20: ='03_OBSERVATIONS'!A20 | B20: ='03_OBSERVATIONS'!B20 | C20: ='03_OBSERVATIONS'!C20 | D20: 4819 | E20: NA | F20: NA | G20: NA | H20: NA | I20: NA | J20: NA | K20: NA | L20: NA | M20: NA | N20: not present in the per-observation safe export; only total end-to-end latency was retained from production chat_evaluation_logs
A21: ='03_OBSERVATIONS'!A21 | B21: ='03_OBSERVATIONS'!B21 | C21: ='03_OBSERVATIONS'!C21 | D21: 4427 | E21: NA | F21: NA | G21: NA | H21: NA | I21: NA | J21: NA | K21: NA | L21: NA | M21: NA | N21: not present in the per-observation safe export; only total end-to-end latency was retained from production chat_evaluation_logs
A22: ='03_OBSERVATIONS'!A22 | B22: ='03_OBSERVATIONS'!B22 | C22: ='03_OBSERVATIONS'!C22 | D22: 4512 | E22: NA | F22: NA | G22: NA | H22: NA | I22: NA | J22: NA | K22: NA | L22: NA | M22: NA | N22: not present in the per-observation safe export; only total end-to-end latency was retained from production chat_evaluation_logs
A23: ='03_OBSERVATIONS'!A23 | B23: ='03_OBSERVATIONS'!B23 | C23: ='03_OBSERVATIONS'!C23 | D23: 4508 | E23: NA | F23: NA | G23: NA | H23: NA | I23: NA | J23: NA | K23: NA | L23: NA | M23: NA | N23: not present in the per-observation safe export; only total end-to-end latency was retained from production chat_evaluation_logs
A24: ='03_OBSERVATIONS'!A24 | B24: ='03_OBSERVATIONS'!B24 | C24: ='03_OBSERVATIONS'!C24 | D24: 59 | E24: NA | F24: NA | G24: NA | H24: NA | I24: NA | J24: NA | K24: NA | L24: NA | M24: NA | N24: not present in the per-observation safe export; only total end-to-end latency was retained from production chat_evaluation_logs
... A44: ='03_OBSERVATIONS'!A44 | B44: ='03_OBSERVATIONS'!B44 | C44: ='03_OBSERVATIONS'!C44 | D44: 38984 | E44: NA | F44: NA | G44: NA | H44: NA | I44: NA | J44: NA | K44: NA | L44: NA | M44: NA | N44: not present in the per-observation safe export; only total end-to-end latency was retained from production chat_evaluation_logs

Sheet 07_CITATION_EVALUATION
A1: observation_id | B1: participant_id | C1: scenario_id | D1: n_citations | E1: n_valid_citations | F1: has_correct_citation | G1: citation_evaluation_method | H1: evaluator_notes
A2: ='03_OBSERVATIONS'!A2 | B2: ='03_OBSERVATIONS'!B2 | C2: ='03_OBSERVATIONS'!C2 | D2: 4 | E2: 4 | F2: =IF(E2="","",E2>0) | G2: joined via trace_id to production citation_evaluation_logs | H2: Per-observation value tied to these 22 participants via trace_id. NOT the separate 41-question automated gold-QA citation-correct rate (39.0%) -- a different instrument; see 09_STATISTICAL_SUMMARY methodology notes.
A3: ='03_OBSERVATIONS'!A3 | B3: ='03_OBSERVATIONS'!B3 | C3: ='03_OBSERVATIONS'!C3 | D3: 4 | E3: 4 | F3: =IF(E3="","",E3>0) | G3: joined via trace_id to production citation_evaluation_logs
A4: ='03_OBSERVATIONS'!A4 | B4: ='03_OBSERVATIONS'!B4 | C4: ='03_OBSERVATIONS'!C4 | D4: 5 | E4: 5 | F4: =IF(E4="","",E4>0) | G4: joined via trace_id to production citation_evaluation_logs
A5: ='03_OBSERVATIONS'!A5 | B5: ='03_OBSERVATIONS'!B5 | C5: ='03_OBSERVATIONS'!C5 | D5: 4 | E5: 4 | F5: =IF(E5="","",E5>0) | G5: joined via trace_id to production citation_evaluation_logs
A6: ='03_OBSERVATIONS'!A6 | B6: ='03_OBSERVATIONS'!B6 | C6: ='03_OBSERVATIONS'!C6 | D6: 2 | E6: 2 | F6: =IF(E6="","",E6>0) | G6: joined via trace_id to production citation_evaluation_logs
A7: ='03_OBSERVATIONS'!A7 | B7: ='03_OBSERVATIONS'!B7 | C7: ='03_OBSERVATIONS'!C7 | D7: 2 | E7: 2 | F7: =IF(E7="","",E7>0) | G7: joined via trace_id to production citation_evaluation_logs
A8: ='03_OBSERVATIONS'!A8 | B8: ='03_OBSERVATIONS'!B8 | C8: ='03_OBSERVATIONS'!C8 | D8: 0 | E8: 0 | F8: =IF(E8="","",E8>0) | G8: joined via trace_id to production citation_evaluation_logs
A9: ='03_OBSERVATIONS'!A9 | B9: ='03_OBSERVATIONS'!B9 | C9: ='03_OBSERVATIONS'!C9 | D9: 2 | E9: 2 | F9: =IF(E9="","",E9>0) | G9: joined via trace_id to production citation_evaluation_logs
A10: ='03_OBSERVATIONS'!A10 | B10: ='03_OBSERVATIONS'!B10 | C10: ='03_OBSERVATIONS'!C10 | D10: 0 | E10: 0 | F10: =IF(E10="","",E10>0) | G10: joined via trace_id to production citation_evaluation_logs
A11: ='03_OBSERVATIONS'!A11 | B11: ='03_OBSERVATIONS'!B11 | C11: ='03_OBSERVATIONS'!C11 | D11: 2 | E11: 2 | F11: =IF(E11="","",E11>0) | G11: joined via trace_id to production citation_evaluation_logs
A12: ='03_OBSERVATIONS'!A12 | B12: ='03_OBSERVATIONS'!B12 | C12: ='03_OBSERVATIONS'!C12 | D12: 0 | E12: 0 | F12: =IF(E12="","",E12>0) | G12: joined via trace_id to production citation_evaluation_logs
A13: ='03_OBSERVATIONS'!A13 | B13: ='03_OBSERVATIONS'!B13 | C13: ='03_OBSERVATIONS'!C13 | D13: 0 | E13: 0 | F13: =IF(E13="","",E13>0) | G13: joined via trace_id to production citation_evaluation_logs
A14: ='03_OBSERVATIONS'!A14 | B14: ='03_OBSERVATIONS'!B14 | C14: ='03_OBSERVATIONS'!C14 | D14: 0 | E14: 0 | F14: =IF(E14="","",E14>0) | G14: joined via trace_id to production citation_evaluation_logs
... A44: ='03_OBSERVATIONS'!A44 | B44: ='03_OBSERVATIONS'!B44 | C44: ='03_OBSERVATIONS'!C44 | D44: 5 | E44: 5 | F44: =IF(E44="","",E44>0) | G44: joined via trace_id to production citation_evaluation_logs

Sheet 08_MERGED_ANALYSIS
A1: observation_id | B1: participant_id | C1: scenario_id | D1: asq_q1_ease | E1: asq_q2_time | F1: asq_q3_information_support | G1: asq_mean | H1: task_success | I1: task_status | J1: completion_time_sec | K1: latency_ms | L1: has_correct_citation | M1: complete_case_asq | N1: complete_case_performance | O1: paired_scenario_available
A2: ='03_OBSERVATIONS'!A2 | B2: =INDEX('04_ASQ_RESPONSES'!$B:$B,MATCH($A2,'04_ASQ_RESPONSES'!$A:$A,0)) | C2: =INDEX('04_ASQ_RESPONSES'!$C:$C,MATCH($A2,'04_ASQ_RESPONSES'!$A:$A,0)) | D2: =INDEX('04_ASQ_RESPONSES'!$D:$D,MATCH($A2,'04_ASQ_RESPONSES'!$A:$A,0)) | E2: =INDEX('04_ASQ_RESPONSES'!$E:$E,MATCH($A2,'04_ASQ_RESPONSES'!$A:$A,0)) | F2: =INDEX('04_ASQ_RESPONSES'!$F:$F,MATCH($A2,'04_ASQ_RESPONSES'!$A:$A,0)) | G2: =INDEX('04_ASQ_RESPONSES'!$G:$G,MATCH($A2,'04_ASQ_RESPONSES'!$A:$A,0)) | H2: =INDEX('05_TASK_PERFORMANCE'!$D:$D,MATCH($A2,'05_TASK_PERFORMANCE'!$A:$A,0)) | I2: =INDEX('05_TASK_PERFORMANCE'!$E:$E,MATCH($A2,'05_TASK_PERFORMANCE'!$A:$A,0)) | J2: =INDEX('05_TASK_PERFORMANCE'!$F:$F,MATCH($A2,'05_TASK_PERFORMANCE'!$A:$A,0)) | K2: =INDEX('06_SYSTEM_METRICS'!$D:$D,MATCH($A2,'06_SYSTEM_METRICS'!$A:$A,0)) | L2: =INDEX('07_CITATION_EVALUATION'!$F:$F,MATCH($A2,'07_CITATION_EVALUATION'!$A:$A,0)) | M2: =IF(G2<>"",TRUE,FALSE) | N2: =IF(H2<>"",TRUE,FALSE) | O2: =COUNTIF($B$2:$B$44,B2)=2
A3: ='03_OBSERVATIONS'!A3 | B3: =INDEX('04_ASQ_RESPONSES'!$B:$B,MATCH($A3,'04_ASQ_RESPONSES'!$A:$A,0)) | C3: =INDEX('04_ASQ_RESPONSES'!$C:$C,MATCH($A3,'04_ASQ_RESPONSES'!$A:$A,0)) | D3: =INDEX('04_ASQ_RESPONSES'!$D:$D,MATCH($A3,'04_ASQ_RESPONSES'!$A:$A,0)) | E3: =INDEX('04_ASQ_RESPONSES'!$E:$E,MATCH($A3,'04_ASQ_RESPONSES'!$A:$A,0)) | F3: =INDEX('04_ASQ_RESPONSES'!$F:$F,MATCH($A3,'04_ASQ_RESPONSES'!$A:$A,0)) | G3: =INDEX('04_ASQ_RESPONSES'!$G:$G,MATCH($A3,'04_ASQ_RESPONSES'!$A:$A,0)) | H3: =INDEX('05_TASK_PERFORMANCE'!$D:$D,MATCH($A3,'05_TASK_PERFORMANCE'!$A:$A,0)) | I3: =INDEX('05_TASK_PERFORMANCE'!$E:$E,MATCH($A3,'05_TASK_PERFORMANCE'!$A:$A,0)) | J3: =INDEX('05_TASK_PERFORMANCE'!$F:$F,MATCH($A3,'05_TASK_PERFORMANCE'!$A:$A,0)) | K3: =INDEX('06_SYSTEM_METRICS'!$D:$D,MATCH($A3,'06_SYSTEM_METRICS'!$A:$A,0)) | L3: =INDEX('07_CITATION_EVALUATION'!$F:$F,MATCH($A3,'07_CITATION_EVALUATION'!$A:$A,0)) | M3: =IF(G3<>"",TRUE,FALSE) | N3: =IF(H3<>"",TRUE,FALSE) | O3: =COUNTIF($B$2:$B$44,B3)=2
A4: ='03_OBSERVATIONS'!A4 | B4: =INDEX('04_ASQ_RESPONSES'!$B:$B,MATCH($A4,'04_ASQ_RESPONSES'!$A:$A,0)) | C4: =INDEX('04_ASQ_RESPONSES'!$C:$C,MATCH($A4,'04_ASQ_RESPONSES'!$A:$A,0)) | D4: =INDEX('04_ASQ_RESPONSES'!$D:$D,MATCH($A4,'04_ASQ_RESPONSES'!$A:$A,0)) | E4: =INDEX('04_ASQ_RESPONSES'!$E:$E,MATCH($A4,'04_ASQ_RESPONSES'!$A:$A,0)) | F4: =INDEX('04_ASQ_RESPONSES'!$F:$F,MATCH($A4,'04_ASQ_RESPONSES'!$A:$A,0)) | G4: =INDEX('04_ASQ_RESPONSES'!$G:$G,MATCH($A4,'04_ASQ_RESPONSES'!$A:$A,0)) | H4: =INDEX('05_TASK_PERFORMANCE'!$D:$D,MATCH($A4,'05_TASK_PERFORMANCE'!$A:$A,0)) | I4: =INDEX('05_TASK_PERFORMANCE'!$E:$E,MATCH($A4,'05_TASK_PERFORMANCE'!$A:$A,0)) | J4: =INDEX('05_TASK_PERFORMANCE'!$F:$F,MATCH($A4,'05_TASK_PERFORMANCE'!$A:$A,0)) | K4: =INDEX('06_SYSTEM_METRICS'!$D:$D,MATCH($A4,'06_SYSTEM_METRICS'!$A:$A,0)) | L4: =INDEX('07_CITATION_EVALUATION'!$F:$F,MATCH($A4,'07_CITATION_EVALUATION'!$A:$A,0)) | M4: =IF(G4<>"",TRUE,FALSE) | N4: =IF(H4<>"",TRUE,FALSE) | O4: =COUNTIF($B$2:$B$44,B4)=2
A5: ='03_OBSERVATIONS'!A5 | B5: =INDEX('04_ASQ_RESPONSES'!$B:$B,MATCH($A5,'04_ASQ_RESPONSES'!$A:$A,0)) | C5: =INDEX('04_ASQ_RESPONSES'!$C:$C,MATCH($A5,'04_ASQ_RESPONSES'!$A:$A,0)) | D5: =INDEX('04_ASQ_RESPONSES'!$D:$D,MATCH($A5,'04_ASQ_RESPONSES'!$A:$A,0)) | E5: =INDEX('04_ASQ_RESPONSES'!$E:$E,MATCH($A5,'04_ASQ_RESPONSES'!$A:$A,0)) | F5: =INDEX('04_ASQ_RESPONSES'!$F:$F,MATCH($A5,'04_ASQ_RESPONSES'!$A:$A,0)) | G5: =INDEX('04_ASQ_RESPONSES'!$G:$G,MATCH($A5,'04_ASQ_RESPONSES'!$A:$A,0)) | H5: =INDEX('05_TASK_PERFORMANCE'!$D:$D,MATCH($A5,'05_TASK_PERFORMANCE'!$A:$A,0)) | I5: =INDEX('05_TASK_PERFORMANCE'!$E:$E,MATCH($A5,'05_TASK_PERFORMANCE'!$A:$A,0)) | J5: =INDEX('05_TASK_PERFORMANCE'!$F:$F,MATCH($A5,'05_TASK_PERFORMANCE'!$A:$A,0)) | K5: =INDEX('06_SYSTEM_METRICS'!$D:$D,MATCH($A5,'06_SYSTEM_METRICS'!$A:$A,0)) | L5: =INDEX('07_CITATION_EVALUATION'!$F:$F,MATCH($A5,'07_CITATION_EVALUATION'!$A:$A,0)) | M5: =IF(G5<>"",TRUE,FALSE) | N5: =IF(H5<>"",TRUE,FALSE) | O5: =COUNTIF($B$2:$B$44,B5)=2
A6: ='03_OBSERVATIONS'!A6 | B6: =INDEX('04_ASQ_RESPONSES'!$B:$B,MATCH($A6,'04_ASQ_RESPONSES'!$A:$A,0)) | C6: =INDEX('04_ASQ_RESPONSES'!$C:$C,MATCH($A6,'04_ASQ_RESPONSES'!$A:$A,0)) | D6: =INDEX('04_ASQ_RESPONSES'!$D:$D,MATCH($A6,'04_ASQ_RESPONSES'!$A:$A,0)) | E6: =INDEX('04_ASQ_RESPONSES'!$E:$E,MATCH($A6,'04_ASQ_RESPONSES'!$A:$A,0)) | F6: =INDEX('04_ASQ_RESPONSES'!$F:$F,MATCH($A6,'04_ASQ_RESPONSES'!$A:$A,0)) | G6: =INDEX('04_ASQ_RESPONSES'!$G:$G,MATCH($A6,'04_ASQ_RESPONSES'!$A:$A,0)) | H6: =INDEX('05_TASK_PERFORMANCE'!$D:$D,MATCH($A6,'05_TASK_PERFORMANCE'!$A:$A,0)) | I6: =INDEX('05_TASK_PERFORMANCE'!$E:$E,MATCH($A6,'05_TASK_PERFORMANCE'!$A:$A,0)) | J6: =INDEX('05_TASK_PERFORMANCE'!$F:$F,MATCH($A6,'05_TASK_PERFORMANCE'!$A:$A,0)) | K6: =INDEX('06_SYSTEM_METRICS'!$D:$D,MATCH($A6,'06_SYSTEM_METRICS'!$A:$A,0)) | L6: =INDEX('07_CITATION_EVALUATION'!$F:$F,MATCH($A6,'07_CITATION_EVALUATION'!$A:$A,0)) | M6: =IF(G6<>"",TRUE,FALSE) | N6: =IF(H6<>"",TRUE,FALSE) | O6: =COUNTIF($B$2:$B$44,B6)=2
A7: ='03_OBSERVATIONS'!A7 | B7: =INDEX('04_ASQ_RESPONSES'!$B:$B,MATCH($A7,'04_ASQ_RESPONSES'!$A:$A,0)) | C7: =INDEX('04_ASQ_RESPONSES'!$C:$C,MATCH($A7,'04_ASQ_RESPONSES'!$A:$A,0)) | D7: =INDEX('04_ASQ_RESPONSES'!$D:$D,MATCH($A7,'04_ASQ_RESPONSES'!$A:$A,0)) | E7: =INDEX('04_ASQ_RESPONSES'!$E:$E,MATCH($A7,'04_ASQ_RESPONSES'!$A:$A,0)) | F7: =INDEX('04_ASQ_RESPONSES'!$F:$F,MATCH($A7,'04_ASQ_RESPONSES'!$A:$A,0)) | G7: =INDEX('04_ASQ_RESPONSES'!$G:$G,MATCH($A7,'04_ASQ_RESPONSES'!$A:$A,0)) | H7: =INDEX('05_TASK_PERFORMANCE'!$D:$D,MATCH($A7,'05_TASK_PERFORMANCE'!$A:$A,0)) | I7: =INDEX('05_TASK_PERFORMANCE'!$E:$E,MATCH($A7,'05_TASK_PERFORMANCE'!$A:$A,0)) | J7: =INDEX('05_TASK_PERFORMANCE'!$F:$F,MATCH($A7,'05_TASK_PERFORMANCE'!$A:$A,0)) | K7: =INDEX('06_SYSTEM_METRICS'!$D:$D,MATCH($A7,'06_SYSTEM_METRICS'!$A:$A,0)) | L7: =INDEX('07_CITATION_EVALUATION'!$F:$F,MATCH($A7,'07_CITATION_EVALUATION'!$A:$A,0)) | M7: =IF(G7<>"",TRUE,FALSE) | N7: =IF(H7<>"",TRUE,FALSE) | O7: =COUNTIF($B$2:$B$44,B7)=2
A8: ='03_OBSERVATIONS'!A8 | B8: =INDEX('04_ASQ_RESPONSES'!$B:$B,MATCH($A8,'04_ASQ_RESPONSES'!$A:$A,0)) | C8: =INDEX('04_ASQ_RESPONSES'!$C:$C,MATCH($A8,'04_ASQ_RESPONSES'!$A:$A,0)) | D8: =INDEX('04_ASQ_RESPONSES'!$D:$D,MATCH($A8,'04_ASQ_RESPONSES'!$A:$A,0)) | E8: =INDEX('04_ASQ_RESPONSES'!$E:$E,MATCH($A8,'04_ASQ_RESPONSES'!$A:$A,0)) | F8: =INDEX('04_ASQ_RESPONSES'!$F:$F,MATCH($A8,'04_ASQ_RESPONSES'!$A:$A,0)) | G8: =INDEX('04_ASQ_RESPONSES'!$G:$G,MATCH($A8,'04_ASQ_RESPONSES'!$A:$A,0)) | H8: =INDEX('05_TASK_PERFORMANCE'!$D:$D,MATCH($A8,'05_TASK_PERFORMANCE'!$A:$A,0)) | I8: =INDEX('05_TASK_PERFORMANCE'!$E:$E,MATCH($A8,'05_TASK_PERFORMANCE'!$A:$A,0)) | J8: =INDEX('05_TASK_PERFORMANCE'!$F:$F,MATCH($A8,'05_TASK_PERFORMANCE'!$A:$A,0)) | K8: =INDEX('06_SYSTEM_METRICS'!$D:$D,MATCH($A8,'06_SYSTEM_METRICS'!$A:$A,0)) | L8: =INDEX('07_CITATION_EVALUATION'!$F:$F,MATCH($A8,'07_CITATION_EVALUATION'!$A:$A,0)) | M8: =IF(G8<>"",TRUE,FALSE) | N8: =IF(H8<>"",TRUE,FALSE) | O8: =COUNTIF($B$2:$B$44,B8)=2
A9: ='03_OBSERVATIONS'!A9 | B9: =INDEX('04_ASQ_RESPONSES'!$B:$B,MATCH($A9,'04_ASQ_RESPONSES'!$A:$A,0)) | C9: =INDEX('04_ASQ_RESPONSES'!$C:$C,MATCH($A9,'04_ASQ_RESPONSES'!$A:$A,0)) | D9: =INDEX('04_ASQ_RESPONSES'!$D:$D,MATCH($A9,'04_ASQ_RESPONSES'!$A:$A,0)) | E9: =INDEX('04_ASQ_RESPONSES'!$E:$E,MATCH($A9,'04_ASQ_RESPONSES'!$A:$A,0)) | F9: =INDEX('04_ASQ_RESPONSES'!$F:$F,MATCH($A9,'04_ASQ_RESPONSES'!$A:$A,0)) | G9: =INDEX('04_ASQ_RESPONSES'!$G:$G,MATCH($A9,'04_ASQ_RESPONSES'!$A:$A,0)) | H9: =INDEX('05_TASK_PERFORMANCE'!$D:$D,MATCH($A9,'05_TASK_PERFORMANCE'!$A:$A,0)) | I9: =INDEX('05_TASK_PERFORMANCE'!$E:$E,MATCH($A9,'05_TASK_PERFORMANCE'!$A:$A,0)) | J9: =INDEX('05_TASK_PERFORMANCE'!$F:$F,MATCH($A9,'05_TASK_PERFORMANCE'!$A:$A,0)) | K9: =INDEX('06_SYSTEM_METRICS'!$D:$D,MATCH($A9,'06_SYSTEM_METRICS'!$A:$A,0)) | L9: =INDEX('07_CITATION_EVALUATION'!$F:$F,MATCH($A9,'07_CITATION_EVALUATION'!$A:$A,0)) | M9: =IF(G9<>"",TRUE,FALSE) | N9: =IF(H9<>"",TRUE,FALSE) | O9: =COUNTIF($B$2:$B$44,B9)=2
A10: ='03_OBSERVATIONS'!A10 | B10: =INDEX('04_ASQ_RESPONSES'!$B:$B,MATCH($A10,'04_ASQ_RESPONSES'!$A:$A,0)) | C10: =INDEX('04_ASQ_RESPONSES'!$C:$C,MATCH($A10,'04_ASQ_RESPONSES'!$A:$A,0)) | D10: =INDEX('04_ASQ_RESPONSES'!$D:$D,MATCH($A10,'04_ASQ_RESPONSES'!$A:$A,0)) | E10: =INDEX('04_ASQ_RESPONSES'!$E:$E,MATCH($A10,'04_ASQ_RESPONSES'!$A:$A,0)) | F10: =INDEX('04_ASQ_RESPONSES'!$F:$F,MATCH($A10,'04_ASQ_RESPONSES'!$A:$A,0)) | G10: =INDEX('04_ASQ_RESPONSES'!$G:$G,MATCH($A10,'04_ASQ_RESPONSES'!$A:$A,0)) | H10: =INDEX('05_TASK_PERFORMANCE'!$D:$D,MATCH($A10,'05_TASK_PERFORMANCE'!$A:$A,0)) | I10: =INDEX('05_TASK_PERFORMANCE'!$E:$E,MATCH($A10,'05_TASK_PERFORMANCE'!$A:$A,0)) | J10: =INDEX('05_TASK_PERFORMANCE'!$F:$F,MATCH($A10,'05_TASK_PERFORMANCE'!$A:$A,0)) | K10: =INDEX('06_SYSTEM_METRICS'!$D:$D,MATCH($A10,'06_SYSTEM_METRICS'!$A:$A,0)) | L10: =INDEX('07_CITATION_EVALUATION'!$F:$F,MATCH($A10,'07_CITATION_EVALUATION'!$A:$A,0)) | M10: =IF(G10<>"",TRUE,FALSE) | N10: =IF(H10<>"",TRUE,FALSE) | O10: =COUNTIF($B$2:$B$44,B10)=2
A11: ='03_OBSERVATIONS'!A11 | B11: =INDEX('04_ASQ_RESPONSES'!$B:$B,MATCH($A11,'04_ASQ_RESPONSES'!$A:$A,0)) | C11: =INDEX('04_ASQ_RESPONSES'!$C:$C,MATCH($A11,'04_ASQ_RESPONSES'!$A:$A,0)) | D11: =INDEX('04_ASQ_RESPONSES'!$D:$D,MATCH($A11,'04_ASQ_RESPONSES'!$A:$A,0)) | E11: =INDEX('04_ASQ_RESPONSES'!$E:$E,MATCH($A11,'04_ASQ_RESPONSES'!$A:$A,0)) | F11: =INDEX('04_ASQ_RESPONSES'!$F:$F,MATCH($A11,'04_ASQ_RESPONSES'!$A:$A,0)) | G11: =INDEX('04_ASQ_RESPONSES'!$G:$G,MATCH($A11,'04_ASQ_RESPONSES'!$A:$A,0)) | H11: =INDEX('05_TASK_PERFORMANCE'!$D:$D,MATCH($A11,'05_TASK_PERFORMANCE'!$A:$A,0)) | I11: =INDEX('05_TASK_PERFORMANCE'!$E:$E,MATCH($A11,'05_TASK_PERFORMANCE'!$A:$A,0)) | J11: =INDEX('05_TASK_PERFORMANCE'!$F:$F,MATCH($A11,'05_TASK_PERFORMANCE'!$A:$A,0)) | K11: =INDEX('06_SYSTEM_METRICS'!$D:$D,MATCH($A11,'06_SYSTEM_METRICS'!$A:$A,0)) | L11: =INDEX('07_CITATION_EVALUATION'!$F:$F,MATCH($A11,'07_CITATION_EVALUATION'!$A:$A,0)) | M11: =IF(G11<>"",TRUE,FALSE) | N11: =IF(H11<>"",TRUE,FALSE) | O11: =COUNTIF($B$2:$B$44,B11)=2
A12: ='03_OBSERVATIONS'!A12 | B12: =INDEX('04_ASQ_RESPONSES'!$B:$B,MATCH($A12,'04_ASQ_RESPONSES'!$A:$A,0)) | C12: =INDEX('04_ASQ_RESPONSES'!$C:$C,MATCH($A12,'04_ASQ_RESPONSES'!$A:$A,0)) | D12: =INDEX('04_ASQ_RESPONSES'!$D:$D,MATCH($A12,'04_ASQ_RESPONSES'!$A:$A,0)) | E12: =INDEX('04_ASQ_RESPONSES'!$E:$E,MATCH($A12,'04_ASQ_RESPONSES'!$A:$A,0)) | F12: =INDEX('04_ASQ_RESPONSES'!$F:$F,MATCH($A12,'04_ASQ_RESPONSES'!$A:$A,0)) | G12: =INDEX('04_ASQ_RESPONSES'!$G:$G,MATCH($A12,'04_ASQ_RESPONSES'!$A:$A,0)) | H12: =INDEX('05_TASK_PERFORMANCE'!$D:$D,MATCH($A12,'05_TASK_PERFORMANCE'!$A:$A,0)) | I12: =INDEX('05_TASK_PERFORMANCE'!$E:$E,MATCH($A12,'05_TASK_PERFORMANCE'!$A:$A,0)) | J12: =INDEX('05_TASK_PERFORMANCE'!$F:$F,MATCH($A12,'05_TASK_PERFORMANCE'!$A:$A,0)) | K12: =INDEX('06_SYSTEM_METRICS'!$D:$D,MATCH($A12,'06_SYSTEM_METRICS'!$A:$A,0)) | L12: =INDEX('07_CITATION_EVALUATION'!$F:$F,MATCH($A12,'07_CITATION_EVALUATION'!$A:$A,0)) | M12: =IF(G12<>"",TRUE,FALSE) | N12: =IF(H12<>"",TRUE,FALSE) | O12: =COUNTIF($B$2:$B$44,B12)=2
A13: ='03_OBSERVATIONS'!A13 | B13: =INDEX('04_ASQ_RESPONSES'!$B:$B,MATCH($A13,'04_ASQ_RESPONSES'!$A:$A,0)) | C13: =INDEX('04_ASQ_RESPONSES'!$C:$C,MATCH($A13,'04_ASQ_RESPONSES'!$A:$A,0)) | D13: =INDEX('04_ASQ_RESPONSES'!$D:$D,MATCH($A13,'04_ASQ_RESPONSES'!$A:$A,0)) | E13: =INDEX('04_ASQ_RESPONSES'!$E:$E,MATCH($A13,'04_ASQ_RESPONSES'!$A:$A,0)) | F13: =INDEX('04_ASQ_RESPONSES'!$F:$F,MATCH($A13,'04_ASQ_RESPONSES'!$A:$A,0)) | G13: =INDEX('04_ASQ_RESPONSES'!$G:$G,MATCH($A13,'04_ASQ_RESPONSES'!$A:$A,0)) | H13: =INDEX('05_TASK_PERFORMANCE'!$D:$D,MATCH($A13,'05_TASK_PERFORMANCE'!$A:$A,0)) | I13: =INDEX('05_TASK_PERFORMANCE'!$E:$E,MATCH($A13,'05_TASK_PERFORMANCE'!$A:$A,0)) | J13: =INDEX('05_TASK_PERFORMANCE'!$F:$F,MATCH($A13,'05_TASK_PERFORMANCE'!$A:$A,0)) | K13: =INDEX('06_SYSTEM_METRICS'!$D:$D,MATCH($A13,'06_SYSTEM_METRICS'!$A:$A,0)) | L13: =INDEX('07_CITATION_EVALUATION'!$F:$F,MATCH($A13,'07_CITATION_EVALUATION'!$A:$A,0)) | M13: =IF(G13<>"",TRUE,FALSE) | N13: =IF(H13<>"",TRUE,FALSE) | O13: =COUNTIF($B$2:$B$44,B13)=2
... A44: ='03_OBSERVATIONS'!A44 | B44: =INDEX('04_ASQ_RESPONSES'!$B:$B,MATCH($A44,'04_ASQ_RESPONSES'!$A:$A,0)) | C44: =INDEX('04_ASQ_RESPONSES'!$C:$C,MATCH($A44,'04_ASQ_RESPONSES'!$A:$A,0)) | D44: =INDEX('04_ASQ_RESPONSES'!$D:$D,MATCH($A44,'04_ASQ_RESPONSES'!$A:$A,0)) | E44: =INDEX('04_ASQ_RESPONSES'!$E:$E,MATCH($A44,'04_ASQ_RESPONSES'!$A:$A,0)) | F44: =INDEX('04_ASQ_RESPONSES'!$F:$F,MATCH($A44,'04_ASQ_RESPONSES'!$A:$A,0)) | G44: =INDEX('04_ASQ_RESPONSES'!$G:$G,MATCH($A44,'04_ASQ_RESPONSES'!$A:$A,0)) | H44: =INDEX('05_TASK_PERFORMANCE'!$D:$D,MATCH($A44,'05_TASK_PERFORMANCE'!$A:$A,0)) | I44: =INDEX('05_TASK_PERFORMANCE'!$E:$E,MATCH($A44,'05_TASK_PERFORMANCE'!$A:$A,0)) | J44: =INDEX('05_TASK_PERFORMANCE'!$F:$F,MATCH($A44,'05_TASK_PERFORMANCE'!$A:$A,0)) | K44: =INDEX('06_SYSTEM_METRICS'!$D:$D,MATCH($A44,'06_SYSTEM_METRICS'!$A:$A,0)) | L44: =INDEX('07_CITATION_EVALUATION'!$F:$F,MATCH($A44,'07_CITATION_EVALUATION'!$A:$A,0)) | M44: =IF(G44<>"",TRUE,FALSE) | N44: =IF(H44<>"",TRUE,FALSE) | O44: =COUNTIF($B$2:$B$44,B44)=2

Sheet 09_STATISTICAL_SUMMARY
A1: A. Descriptive Statistics -- ASQ mean score | N1: helper: asq_mean_s1 | O1: helper: asq_mean_s2 | P1: helper: q1_s1 | Q1: helper: q2_s1 | R1: helper: q3_s1 | S1: helper: q1_s2 | T1: helper: q2_s2 | U1: helper: q3_s2 | V1: helper: total_s1 | W1: helper: total_s2 | X1: helper: completion_s1_clean | Y1: helper: completion_s2_clean | Z1: helper: latency_s1 | AA1: helper: latency_s2 | AB1: helper: asq_mean_success1 | AC1: helper: asq_mean_success0 | AD1: helper: asq3_for_citation | AE1: helper: citation_as_number
N2: =IF('08_MERGED_ANALYSIS'!C2="S1",'08_MERGED_ANALYSIS'!G2,"") | O2: =IF('08_MERGED_ANALYSIS'!C2="S2",'08_MERGED_ANALYSIS'!G2,"") | P2: =IF('08_MERGED_ANALYSIS'!C2="S1",'08_MERGED_ANALYSIS'!D2,"") | Q2: =IF('08_MERGED_ANALYSIS'!C2="S1",'08_MERGED_ANALYSIS'!E2,"") | R2: =IF('08_MERGED_ANALYSIS'!C2="S1",'08_MERGED_ANALYSIS'!F2,"") | S2: =IF('08_MERGED_ANALYSIS'!C2="S2",'08_MERGED_ANALYSIS'!D2,"") | T2: =IF('08_MERGED_ANALYSIS'!C2="S2",'08_MERGED_ANALYSIS'!E2,"") | U2: =IF('08_MERGED_ANALYSIS'!C2="S2",'08_MERGED_ANALYSIS'!F2,"") | V2: =IF(P2="","",P2+Q2+R2) | W2: =IF(S2="","",S2+T2+U2) | X2: =IF(AND('08_MERGED_ANALYSIS'!C2="S1",'08_MERGED_ANALYSIS'!J2<>"",'08_MERGED_ANALYSIS'!J2>=0,'08_MERGED_ANALYSIS'!J2<=3600),'08_MERGED_ANALYSIS'!J2,"") | Y2: =IF(AND('08_MERGED_ANALYSIS'!C2="S2",'08_MERGED_ANALYSIS'!J2<>"",'08_MERGED_ANALYSIS'!J2>=0,'08_MERGED_ANALYSIS'!J2<=3600),'08_MERGED_ANALYSIS'!J2,"") | Z2: =IF('08_MERGED_ANALYSIS'!C2="S1",'08_MERGED_ANALYSIS'!K2,"") | AA2: =IF('08_MERGED_ANALYSIS'!C2="S2",'08_MERGED_ANALYSIS'!K2,"") | AB2: =IF('08_MERGED_ANALYSIS'!H2=1,'08_MERGED_ANALYSIS'!G2,"") | AC2: =IF('08_MERGED_ANALYSIS'!H2=0,'08_MERGED_ANALYSIS'!G2,"") | AD2: =IF('08_MERGED_ANALYSIS'!L2<>"",'08_MERGED_ANALYSIS'!F2,"") | AE2: =IF('08_MERGED_ANALYSIS'!L2<>"",IF('08_MERGED_ANALYSIS'!L2,1,0),"")
A3: Statistic | B3: Overall | C3: S1 | D3: S2 | N3: =IF('08_MERGED_ANALYSIS'!C3="S1",'08_MERGED_ANALYSIS'!G3,"") | O3: =IF('08_MERGED_ANALYSIS'!C3="S2",'08_MERGED_ANALYSIS'!G3,"") | P3: =IF('08_MERGED_ANALYSIS'!C3="S1",'08_MERGED_ANALYSIS'!D3,"") | Q3: =IF('08_MERGED_ANALYSIS'!C3="S1",'08_MERGED_ANALYSIS'!E3,"") | R3: =IF('08_MERGED_ANALYSIS'!C3="S1",'08_MERGED_ANALYSIS'!F3,"") | S3: =IF('08_MERGED_ANALYSIS'!C3="S2",'08_MERGED_ANALYSIS'!D3,"") | T3: =IF('08_MERGED_ANALYSIS'!C3="S2",'08_MERGED_ANALYSIS'!E3,"") | U3: =IF('08_MERGED_ANALYSIS'!C3="S2",'08_MERGED_ANALYSIS'!F3,"") | V3: =IF(P3="","",P3+Q3+R3) | W3: =IF(S3="","",S3+T3+U3) | X3: =IF(AND('08_MERGED_ANALYSIS'!C3="S1",'08_MERGED_ANALYSIS'!J3<>"",'08_MERGED_ANALYSIS'!J3>=0,'08_MERGED_ANALYSIS'!J3<=3600),'08_MERGED_ANALYSIS'!J3,"") | Y3: =IF(AND('08_MERGED_ANALYSIS'!C3="S2",'08_MERGED_ANALYSIS'!J3<>"",'08_MERGED_ANALYSIS'!J3>=0,'08_MERGED_ANALYSIS'!J3<=3600),'08_MERGED_ANALYSIS'!J3,"") | Z3: =IF('08_MERGED_ANALYSIS'!C3="S1",'08_MERGED_ANALYSIS'!K3,"") | AA3: =IF('08_MERGED_ANALYSIS'!C3="S2",'08_MERGED_ANALYSIS'!K3,"") | AB3: =IF('08_MERGED_ANALYSIS'!H3=1,'08_MERGED_ANALYSIS'!G3,"") | AC3: =IF('08_MERGED_ANALYSIS'!H3=0,'08_MERGED_ANALYSIS'!G3,"") | AD3: =IF('08_MERGED_ANALYSIS'!L3<>"",'08_MERGED_ANALYSIS'!F3,"") | AE3: =IF('08_MERGED_ANALYSIS'!L3<>"",IF('08_MERGED_ANALYSIS'!L3,1,0),"")
A4: n | B4: =COUNT('08_MERGED_ANALYSIS'!$G$2:$G$44) | C4: =COUNTIFS('08_MERGED_ANALYSIS'!$C$2:$C$44,"S1",'08_MERGED_ANALYSIS'!$G$2:$G$44,"<>") | D4: =COUNTIFS('08_MERGED_ANALYSIS'!$C$2:$C$44,"S2",'08_MERGED_ANALYSIS'!$G$2:$G$44,"<>") | N4: =IF('08_MERGED_ANALYSIS'!C4="S1",'08_MERGED_ANALYSIS'!G4,"") | O4: =IF('08_MERGED_ANALYSIS'!C4="S2",'08_MERGED_ANALYSIS'!G4,"") | P4: =IF('08_MERGED_ANALYSIS'!C4="S1",'08_MERGED_ANALYSIS'!D4,"") | Q4: =IF('08_MERGED_ANALYSIS'!C4="S1",'08_MERGED_ANALYSIS'!E4,"") | R4: =IF('08_MERGED_ANALYSIS'!C4="S1",'08_MERGED_ANALYSIS'!F4,"") | S4: =IF('08_MERGED_ANALYSIS'!C4="S2",'08_MERGED_ANALYSIS'!D4,"") | T4: =IF('08_MERGED_ANALYSIS'!C4="S2",'08_MERGED_ANALYSIS'!E4,"") | U4: =IF('08_MERGED_ANALYSIS'!C4="S2",'08_MERGED_ANALYSIS'!F4,"") | V4: =IF(P4="","",P4+Q4+R4) | W4: =IF(S4="","",S4+T4+U4) | X4: =IF(AND('08_MERGED_ANALYSIS'!C4="S1",'08_MERGED_ANALYSIS'!J4<>"",'08_MERGED_ANALYSIS'!J4>=0,'08_MERGED_ANALYSIS'!J4<=3600),'08_MERGED_ANALYSIS'!J4,"") | Y4: =IF(AND('08_MERGED_ANALYSIS'!C4="S2",'08_MERGED_ANALYSIS'!J4<>"",'08_MERGED_ANALYSIS'!J4>=0,'08_MERGED_ANALYSIS'!J4<=3600),'08_MERGED_ANALYSIS'!J4,"") | Z4: =IF('08_MERGED_ANALYSIS'!C4="S1",'08_MERGED_ANALYSIS'!K4,"") | AA4: =IF('08_MERGED_ANALYSIS'!C4="S2",'08_MERGED_ANALYSIS'!K4,"") | AB4: =IF('08_MERGED_ANALYSIS'!H4=1,'08_MERGED_ANALYSIS'!G4,"") | AC4: =IF('08_MERGED_ANALYSIS'!H4=0,'08_MERGED_ANALYSIS'!G4,"") | AD4: =IF('08_MERGED_ANALYSIS'!L4<>"",'08_MERGED_ANALYSIS'!F4,"") | AE4: =IF('08_MERGED_ANALYSIS'!L4<>"",IF('08_MERGED_ANALYSIS'!L4,1,0),"")
A5: Mean | B5: =AVERAGE('08_MERGED_ANALYSIS'!$G$2:$G$44) | C5: =AVERAGEIFS('08_MERGED_ANALYSIS'!$G$2:$G$44,'08_MERGED_ANALYSIS'!$C$2:$C$44,"S1") | D5: =AVERAGEIFS('08_MERGED_ANALYSIS'!$G$2:$G$44,'08_MERGED_ANALYSIS'!$C$2:$C$44,"S2") | N5: =IF('08_MERGED_ANALYSIS'!C5="S1",'08_MERGED_ANALYSIS'!G5,"") | O5: =IF('08_MERGED_ANALYSIS'!C5="S2",'08_MERGED_ANALYSIS'!G5,"") | P5: =IF('08_MERGED_ANALYSIS'!C5="S1",'08_MERGED_ANALYSIS'!D5,"") | Q5: =IF('08_MERGED_ANALYSIS'!C5="S1",'08_MERGED_ANALYSIS'!E5,"") | R5: =IF('08_MERGED_ANALYSIS'!C5="S1",'08_MERGED_ANALYSIS'!F5,"") | S5: =IF('08_MERGED_ANALYSIS'!C5="S2",'08_MERGED_ANALYSIS'!D5,"") | T5: =IF('08_MERGED_ANALYSIS'!C5="S2",'08_MERGED_ANALYSIS'!E5,"") | U5: =IF('08_MERGED_ANALYSIS'!C5="S2",'08_MERGED_ANALYSIS'!F5,"") | V5: =IF(P5="","",P5+Q5+R5) | W5: =IF(S5="","",S5+T5+U5) | X5: =IF(AND('08_MERGED_ANALYSIS'!C5="S1",'08_MERGED_ANALYSIS'!J5<>"",'08_MERGED_ANALYSIS'!J5>=0,'08_MERGED_ANALYSIS'!J5<=3600),'08_MERGED_ANALYSIS'!J5,"") | Y5: =IF(AND('08_MERGED_ANALYSIS'!C5="S2",'08_MERGED_ANALYSIS'!J5<>"",'08_MERGED_ANALYSIS'!J5>=0,'08_MERGED_ANALYSIS'!J5<=3600),'08_MERGED_ANALYSIS'!J5,"") | Z5: =IF('08_MERGED_ANALYSIS'!C5="S1",'08_MERGED_ANALYSIS'!K5,"") | AA5: =IF('08_MERGED_ANALYSIS'!C5="S2",'08_MERGED_ANALYSIS'!K5,"") | AB5: =IF('08_MERGED_ANALYSIS'!H5=1,'08_MERGED_ANALYSIS'!G5,"") | AC5: =IF('08_MERGED_ANALYSIS'!H5=0,'08_MERGED_ANALYSIS'!G5,"") | AD5: =IF('08_MERGED_ANALYSIS'!L5<>"",'08_MERGED_ANALYSIS'!F5,"") | AE5: =IF('08_MERGED_ANALYSIS'!L5<>"",IF('08_MERGED_ANALYSIS'!L5,1,0),"")
A6: Median | B6: =MEDIAN('08_MERGED_ANALYSIS'!$G$2:$G$44) | N6: =IF('08_MERGED_ANALYSIS'!C6="S1",'08_MERGED_ANALYSIS'!G6,"") | O6: =IF('08_MERGED_ANALYSIS'!C6="S2",'08_MERGED_ANALYSIS'!G6,"") | P6: =IF('08_MERGED_ANALYSIS'!C6="S1",'08_MERGED_ANALYSIS'!D6,"") | Q6: =IF('08_MERGED_ANALYSIS'!C6="S1",'08_MERGED_ANALYSIS'!E6,"") | R6: =IF('08_MERGED_ANALYSIS'!C6="S1",'08_MERGED_ANALYSIS'!F6,"") | S6: =IF('08_MERGED_ANALYSIS'!C6="S2",'08_MERGED_ANALYSIS'!D6,"") | T6: =IF('08_MERGED_ANALYSIS'!C6="S2",'08_MERGED_ANALYSIS'!E6,"") | U6: =IF('08_MERGED_ANALYSIS'!C6="S2",'08_MERGED_ANALYSIS'!F6,"") | V6: =IF(P6="","",P6+Q6+R6) | W6: =IF(S6="","",S6+T6+U6) | X6: =IF(AND('08_MERGED_ANALYSIS'!C6="S1",'08_MERGED_ANALYSIS'!J6<>"",'08_MERGED_ANALYSIS'!J6>=0,'08_MERGED_ANALYSIS'!J6<=3600),'08_MERGED_ANALYSIS'!J6,"") | Y6: =IF(AND('08_MERGED_ANALYSIS'!C6="S2",'08_MERGED_ANALYSIS'!J6<>"",'08_MERGED_ANALYSIS'!J6>=0,'08_MERGED_ANALYSIS'!J6<=3600),'08_MERGED_ANALYSIS'!J6,"") | Z6: =IF('08_MERGED_ANALYSIS'!C6="S1",'08_MERGED_ANALYSIS'!K6,"") | AA6: =IF('08_MERGED_ANALYSIS'!C6="S2",'08_MERGED_ANALYSIS'!K6,"") | AB6: =IF('08_MERGED_ANALYSIS'!H6=1,'08_MERGED_ANALYSIS'!G6,"") | AC6: =IF('08_MERGED_ANALYSIS'!H6=0,'08_MERGED_ANALYSIS'!G6,"") | AD6: =IF('08_MERGED_ANALYSIS'!L6<>"",'08_MERGED_ANALYSIS'!F6,"") | AE6: =IF('08_MERGED_ANALYSIS'!L6<>"",IF('08_MERGED_ANALYSIS'!L6,1,0),"")
A7: SD | B7: =STDEV.S('08_MERGED_ANALYSIS'!$G$2:$G$44) | N7: =IF('08_MERGED_ANALYSIS'!C7="S1",'08_MERGED_ANALYSIS'!G7,"") | O7: =IF('08_MERGED_ANALYSIS'!C7="S2",'08_MERGED_ANALYSIS'!G7,"") | P7: =IF('08_MERGED_ANALYSIS'!C7="S1",'08_MERGED_ANALYSIS'!D7,"") | Q7: =IF('08_MERGED_ANALYSIS'!C7="S1",'08_MERGED_ANALYSIS'!E7,"") | R7: =IF('08_MERGED_ANALYSIS'!C7="S1",'08_MERGED_ANALYSIS'!F7,"") | S7: =IF('08_MERGED_ANALYSIS'!C7="S2",'08_MERGED_ANALYSIS'!D7,"") | T7: =IF('08_MERGED_ANALYSIS'!C7="S2",'08_MERGED_ANALYSIS'!E7,"") | U7: =IF('08_MERGED_ANALYSIS'!C7="S2",'08_MERGED_ANALYSIS'!F7,"") | V7: =IF(P7="","",P7+Q7+R7) | W7: =IF(S7="","",S7+T7+U7) | X7: =IF(AND('08_MERGED_ANALYSIS'!C7="S1",'08_MERGED_ANALYSIS'!J7<>"",'08_MERGED_ANALYSIS'!J7>=0,'08_MERGED_ANALYSIS'!J7<=3600),'08_MERGED_ANALYSIS'!J7,"") | Y7: =IF(AND('08_MERGED_ANALYSIS'!C7="S2",'08_MERGED_ANALYSIS'!J7<>"",'08_MERGED_ANALYSIS'!J7>=0,'08_MERGED_ANALYSIS'!J7<=3600),'08_MERGED_ANALYSIS'!J7,"") | Z7: =IF('08_MERGED_ANALYSIS'!C7="S1",'08_MERGED_ANALYSIS'!K7,"") | AA7: =IF('08_MERGED_ANALYSIS'!C7="S2",'08_MERGED_ANALYSIS'!K7,"") | AB7: =IF('08_MERGED_ANALYSIS'!H7=1,'08_MERGED_ANALYSIS'!G7,"") | AC7: =IF('08_MERGED_ANALYSIS'!H7=0,'08_MERGED_ANALYSIS'!G7,"") | AD7: =IF('08_MERGED_ANALYSIS'!L7<>"",'08_MERGED_ANALYSIS'!F7,"") | AE7: =IF('08_MERGED_ANALYSIS'!L7<>"",IF('08_MERGED_ANALYSIS'!L7,1,0),"")
A8: Min | B8: =MIN('08_MERGED_ANALYSIS'!$G$2:$G$44) | N8: =IF('08_MERGED_ANALYSIS'!C8="S1",'08_MERGED_ANALYSIS'!G8,"") | O8: =IF('08_MERGED_ANALYSIS'!C8="S2",'08_MERGED_ANALYSIS'!G8,"") | P8: =IF('08_MERGED_ANALYSIS'!C8="S1",'08_MERGED_ANALYSIS'!D8,"") | Q8: =IF('08_MERGED_ANALYSIS'!C8="S1",'08_MERGED_ANALYSIS'!E8,"") | R8: =IF('08_MERGED_ANALYSIS'!C8="S1",'08_MERGED_ANALYSIS'!F8,"") | S8: =IF('08_MERGED_ANALYSIS'!C8="S2",'08_MERGED_ANALYSIS'!D8,"") | T8: =IF('08_MERGED_ANALYSIS'!C8="S2",'08_MERGED_ANALYSIS'!E8,"") | U8: =IF('08_MERGED_ANALYSIS'!C8="S2",'08_MERGED_ANALYSIS'!F8,"") | V8: =IF(P8="","",P8+Q8+R8) | W8: =IF(S8="","",S8+T8+U8) | X8: =IF(AND('08_MERGED_ANALYSIS'!C8="S1",'08_MERGED_ANALYSIS'!J8<>"",'08_MERGED_ANALYSIS'!J8>=0,'08_MERGED_ANALYSIS'!J8<=3600),'08_MERGED_ANALYSIS'!J8,"") | Y8: =IF(AND('08_MERGED_ANALYSIS'!C8="S2",'08_MERGED_ANALYSIS'!J8<>"",'08_MERGED_ANALYSIS'!J8>=0,'08_MERGED_ANALYSIS'!J8<=3600),'08_MERGED_ANALYSIS'!J8,"") | Z8: =IF('08_MERGED_ANALYSIS'!C8="S1",'08_MERGED_ANALYSIS'!K8,"") | AA8: =IF('08_MERGED_ANALYSIS'!C8="S2",'08_MERGED_ANALYSIS'!K8,"") | AB8: =IF('08_MERGED_ANALYSIS'!H8=1,'08_MERGED_ANALYSIS'!G8,"") | AC8: =IF('08_MERGED_ANALYSIS'!H8=0,'08_MERGED_ANALYSIS'!G8,"") | AD8: =IF('08_MERGED_ANALYSIS'!L8<>"",'08_MERGED_ANALYSIS'!F8,"") | AE8: =IF('08_MERGED_ANALYSIS'!L8<>"",IF('08_MERGED_ANALYSIS'!L8,1,0),"")
A9: Max | B9: =MAX('08_MERGED_ANALYSIS'!$G$2:$G$44) | N9: =IF('08_MERGED_ANALYSIS'!C9="S1",'08_MERGED_ANALYSIS'!G9,"") | O9: =IF('08_MERGED_ANALYSIS'!C9="S2",'08_MERGED_ANALYSIS'!G9,"") | P9: =IF('08_MERGED_ANALYSIS'!C9="S1",'08_MERGED_ANALYSIS'!D9,"") | Q9: =IF('08_MERGED_ANALYSIS'!C9="S1",'08_MERGED_ANALYSIS'!E9,"") | R9: =IF('08_MERGED_ANALYSIS'!C9="S1",'08_MERGED_ANALYSIS'!F9,"") | S9: =IF('08_MERGED_ANALYSIS'!C9="S2",'08_MERGED_ANALYSIS'!D9,"") | T9: =IF('08_MERGED_ANALYSIS'!C9="S2",'08_MERGED_ANALYSIS'!E9,"") | U9: =IF('08_MERGED_ANALYSIS'!C9="S2",'08_MERGED_ANALYSIS'!F9,"") | V9: =IF(P9="","",P9+Q9+R9) | W9: =IF(S9="","",S9+T9+U9) | X9: =IF(AND('08_MERGED_ANALYSIS'!C9="S1",'08_MERGED_ANALYSIS'!J9<>"",'08_MERGED_ANALYSIS'!J9>=0,'08_MERGED_ANALYSIS'!J9<=3600),'08_MERGED_ANALYSIS'!J9,"") | Y9: =IF(AND('08_MERGED_ANALYSIS'!C9="S2",'08_MERGED_ANALYSIS'!J9<>"",'08_MERGED_ANALYSIS'!J9>=0,'08_MERGED_ANALYSIS'!J9<=3600),'08_MERGED_ANALYSIS'!J9,"") | Z9: =IF('08_MERGED_ANALYSIS'!C9="S1",'08_MERGED_ANALYSIS'!K9,"") | AA9: =IF('08_MERGED_ANALYSIS'!C9="S2",'08_MERGED_ANALYSIS'!K9,"") | AB9: =IF('08_MERGED_ANALYSIS'!H9=1,'08_MERGED_ANALYSIS'!G9,"") | AC9: =IF('08_MERGED_ANALYSIS'!H9=0,'08_MERGED_ANALYSIS'!G9,"") | AD9: =IF('08_MERGED_ANALYSIS'!L9<>"",'08_MERGED_ANALYSIS'!F9,"") | AE9: =IF('08_MERGED_ANALYSIS'!L9<>"",IF('08_MERGED_ANALYSIS'!L9,1,0),"")
A10: 95% CI lower | B10: =B5-CONFIDENCE.T(0.05,B7,B4) | N10: =IF('08_MERGED_ANALYSIS'!C10="S1",'08_MERGED_ANALYSIS'!G10,"") | O10: =IF('08_MERGED_ANALYSIS'!C10="S2",'08_MERGED_ANALYSIS'!G10,"") | P10: =IF('08_MERGED_ANALYSIS'!C10="S1",'08_MERGED_ANALYSIS'!D10,"") | Q10: =IF('08_MERGED_ANALYSIS'!C10="S1",'08_MERGED_ANALYSIS'!E10,"") | R10: =IF('08_MERGED_ANALYSIS'!C10="S1",'08_MERGED_ANALYSIS'!F10,"") | S10: =IF('08_MERGED_ANALYSIS'!C10="S2",'08_MERGED_ANALYSIS'!D10,"") | T10: =IF('08_MERGED_ANALYSIS'!C10="S2",'08_MERGED_ANALYSIS'!E10,"") | U10: =IF('08_MERGED_ANALYSIS'!C10="S2",'08_MERGED_ANALYSIS'!F10,"") | V10: =IF(P10="","",P10+Q10+R10) | W10: =IF(S10="","",S10+T10+U10) | X10: =IF(AND('08_MERGED_ANALYSIS'!C10="S1",'08_MERGED_ANALYSIS'!J10<>"",'08_MERGED_ANALYSIS'!J10>=0,'08_MERGED_ANALYSIS'!J10<=3600),'08_MERGED_ANALYSIS'!J10,"") | Y10: =IF(AND('08_MERGED_ANALYSIS'!C10="S2",'08_MERGED_ANALYSIS'!J10<>"",'08_MERGED_ANALYSIS'!J10>=0,'08_MERGED_ANALYSIS'!J10<=3600),'08_MERGED_ANALYSIS'!J10,"") | Z10: =IF('08_MERGED_ANALYSIS'!C10="S1",'08_MERGED_ANALYSIS'!K10,"") | AA10: =IF('08_MERGED_ANALYSIS'!C10="S2",'08_MERGED_ANALYSIS'!K10,"") | AB10: =IF('08_MERGED_ANALYSIS'!H10=1,'08_MERGED_ANALYSIS'!G10,"") | AC10: =IF('08_MERGED_ANALYSIS'!H10=0,'08_MERGED_ANALYSIS'!G10,"") | AD10: =IF('08_MERGED_ANALYSIS'!L10<>"",'08_MERGED_ANALYSIS'!F10,"") | AE10: =IF('08_MERGED_ANALYSIS'!L10<>"",IF('08_MERGED_ANALYSIS'!L10,1,0),"")
A11: 95% CI upper | B11: =B5+CONFIDENCE.T(0.05,B7,B4) | N11: =IF('08_MERGED_ANALYSIS'!C11="S1",'08_MERGED_ANALYSIS'!G11,"") | O11: =IF('08_MERGED_ANALYSIS'!C11="S2",'08_MERGED_ANALYSIS'!G11,"") | P11: =IF('08_MERGED_ANALYSIS'!C11="S1",'08_MERGED_ANALYSIS'!D11,"") | Q11: =IF('08_MERGED_ANALYSIS'!C11="S1",'08_MERGED_ANALYSIS'!E11,"") | R11: =IF('08_MERGED_ANALYSIS'!C11="S1",'08_MERGED_ANALYSIS'!F11,"") | S11: =IF('08_MERGED_ANALYSIS'!C11="S2",'08_MERGED_ANALYSIS'!D11,"") | T11: =IF('08_MERGED_ANALYSIS'!C11="S2",'08_MERGED_ANALYSIS'!E11,"") | U11: =IF('08_MERGED_ANALYSIS'!C11="S2",'08_MERGED_ANALYSIS'!F11,"") | V11: =IF(P11="","",P11+Q11+R11) | W11: =IF(S11="","",S11+T11+U11) | X11: =IF(AND('08_MERGED_ANALYSIS'!C11="S1",'08_MERGED_ANALYSIS'!J11<>"",'08_MERGED_ANALYSIS'!J11>=0,'08_MERGED_ANALYSIS'!J11<=3600),'08_MERGED_ANALYSIS'!J11,"") | Y11: =IF(AND('08_MERGED_ANALYSIS'!C11="S2",'08_MERGED_ANALYSIS'!J11<>"",'08_MERGED_ANALYSIS'!J11>=0,'08_MERGED_ANALYSIS'!J11<=3600),'08_MERGED_ANALYSIS'!J11,"") | Z11: =IF('08_MERGED_ANALYSIS'!C11="S1",'08_MERGED_ANALYSIS'!K11,"") | AA11: =IF('08_MERGED_ANALYSIS'!C11="S2",'08_MERGED_ANALYSIS'!K11,"") | AB11: =IF('08_MERGED_ANALYSIS'!H11=1,'08_MERGED_ANALYSIS'!G11,"") | AC11: =IF('08_MERGED_ANALYSIS'!H11=0,'08_MERGED_ANALYSIS'!G11,"") | AD11: =IF('08_MERGED_ANALYSIS'!L11<>"",'08_MERGED_ANALYSIS'!F11,"") | AE11: =IF('08_MERGED_ANALYSIS'!L11<>"",IF('08_MERGED_ANALYSIS'!L11,1,0),"")
N12: =IF('08_MERGED_ANALYSIS'!C12="S1",'08_MERGED_ANALYSIS'!G12,"") | O12: =IF('08_MERGED_ANALYSIS'!C12="S2",'08_MERGED_ANALYSIS'!G12,"") | P12: =IF('08_MERGED_ANALYSIS'!C12="S1",'08_MERGED_ANALYSIS'!D12,"") | Q12: =IF('08_MERGED_ANALYSIS'!C12="S1",'08_MERGED_ANALYSIS'!E12,"") | R12: =IF('08_MERGED_ANALYSIS'!C12="S1",'08_MERGED_ANALYSIS'!F12,"") | S12: =IF('08_MERGED_ANALYSIS'!C12="S2",'08_MERGED_ANALYSIS'!D12,"") | T12: =IF('08_MERGED_ANALYSIS'!C12="S2",'08_MERGED_ANALYSIS'!E12,"") | U12: =IF('08_MERGED_ANALYSIS'!C12="S2",'08_MERGED_ANALYSIS'!F12,"") | V12: =IF(P12="","",P12+Q12+R12) | W12: =IF(S12="","",S12+T12+U12) | X12: =IF(AND('08_MERGED_ANALYSIS'!C12="S1",'08_MERGED_ANALYSIS'!J12<>"",'08_MERGED_ANALYSIS'!J12>=0,'08_MERGED_ANALYSIS'!J12<=3600),'08_MERGED_ANALYSIS'!J12,"") | Y12: =IF(AND('08_MERGED_ANALYSIS'!C12="S2",'08_MERGED_ANALYSIS'!J12<>"",'08_MERGED_ANALYSIS'!J12>=0,'08_MERGED_ANALYSIS'!J12<=3600),'08_MERGED_ANALYSIS'!J12,"") | Z12: =IF('08_MERGED_ANALYSIS'!C12="S1",'08_MERGED_ANALYSIS'!K12,"") | AA12: =IF('08_MERGED_ANALYSIS'!C12="S2",'08_MERGED_ANALYSIS'!K12,"") | AB12: =IF('08_MERGED_ANALYSIS'!H12=1,'08_MERGED_ANALYSIS'!G12,"") | AC12: =IF('08_MERGED_ANALYSIS'!H12=0,'08_MERGED_ANALYSIS'!G12,"") | AD12: =IF('08_MERGED_ANALYSIS'!L12<>"",'08_MERGED_ANALYSIS'!F12,"") | AE12: =IF('08_MERGED_ANALYSIS'!L12<>"",IF('08_MERGED_ANALYSIS'!L12,1,0),"")
A13: B. Cronbach's Alpha per Scenario (3 ASQ items, indicative) | N13: =IF('08_MERGED_ANALYSIS'!C13="S1",'08_MERGED_ANALYSIS'!G13,"") | O13: =IF('08_MERGED_ANALYSIS'!C13="S2",'08_MERGED_ANALYSIS'!G13,"") | P13: =IF('08_MERGED_ANALYSIS'!C13="S1",'08_MERGED_ANALYSIS'!D13,"") | Q13: =IF('08_MERGED_ANALYSIS'!C13="S1",'08_MERGED_ANALYSIS'!E13,"") | R13: =IF('08_MERGED_ANALYSIS'!C13="S1",'08_MERGED_ANALYSIS'!F13,"") | S13: =IF('08_MERGED_ANALYSIS'!C13="S2",'08_MERGED_ANALYSIS'!D13,"") | T13: =IF('08_MERGED_ANALYSIS'!C13="S2",'08_MERGED_ANALYSIS'!E13,"") | U13: =IF('08_MERGED_ANALYSIS'!C13="S2",'08_MERGED_ANALYSIS'!F13,"") | V13: =IF(P13="","",P13+Q13+R13) | W13: =IF(S13="","",S13+T13+U13) | X13: =IF(AND('08_MERGED_ANALYSIS'!C13="S1",'08_MERGED_ANALYSIS'!J13<>"",'08_MERGED_ANALYSIS'!J13>=0,'08_MERGED_ANALYSIS'!J13<=3600),'08_MERGED_ANALYSIS'!J13,"") | Y13: =IF(AND('08_MERGED_ANALYSIS'!C13="S2",'08_MERGED_ANALYSIS'!J13<>"",'08_MERGED_ANALYSIS'!J13>=0,'08_MERGED_ANALYSIS'!J13<=3600),'08_MERGED_ANALYSIS'!J13,"") | Z13: =IF('08_MERGED_ANALYSIS'!C13="S1",'08_MERGED_ANALYSIS'!K13,"") | AA13: =IF('08_MERGED_ANALYSIS'!C13="S2",'08_MERGED_ANALYSIS'!K13,"") | AB13: =IF('08_MERGED_ANALYSIS'!H13=1,'08_MERGED_ANALYSIS'!G13,"") | AC13: =IF('08_MERGED_ANALYSIS'!H13=0,'08_MERGED_ANALYSIS'!G13,"") | AD13: =IF('08_MERGED_ANALYSIS'!L13<>"",'08_MERGED_ANALYSIS'!F13,"") | AE13: =IF('08_MERGED_ANALYSIS'!L13<>"",IF('08_MERGED_ANALYSIS'!L13,1,0),"")
N14: =IF('08_MERGED_ANALYSIS'!C14="S1",'08_MERGED_ANALYSIS'!G14,"") | O14: =IF('08_MERGED_ANALYSIS'!C14="S2",'08_MERGED_ANALYSIS'!G14,"") | P14: =IF('08_MERGED_ANALYSIS'!C14="S1",'08_MERGED_ANALYSIS'!D14,"") | Q14: =IF('08_MERGED_ANALYSIS'!C14="S1",'08_MERGED_ANALYSIS'!E14,"") | R14: =IF('08_MERGED_ANALYSIS'!C14="S1",'08_MERGED_ANALYSIS'!F14,"") | S14: =IF('08_MERGED_ANALYSIS'!C14="S2",'08_MERGED_ANALYSIS'!D14,"") | T14: =IF('08_MERGED_ANALYSIS'!C14="S2",'08_MERGED_ANALYSIS'!E14,"") | U14: =IF('08_MERGED_ANALYSIS'!C14="S2",'08_MERGED_ANALYSIS'!F14,"") | V14: =IF(P14="","",P14+Q14+R14) | W14: =IF(S14="","",S14+T14+U14) | X14: =IF(AND('08_MERGED_ANALYSIS'!C14="S1",'08_MERGED_ANALYSIS'!J14<>"",'08_MERGED_ANALYSIS'!J14>=0,'08_MERGED_ANALYSIS'!J14<=3600),'08_MERGED_ANALYSIS'!J14,"") | Y14: =IF(AND('08_MERGED_ANALYSIS'!C14="S2",'08_MERGED_ANALYSIS'!J14<>"",'08_MERGED_ANALYSIS'!J14>=0,'08_MERGED_ANALYSIS'!J14<=3600),'08_MERGED_ANALYSIS'!J14,"") | Z14: =IF('08_MERGED_ANALYSIS'!C14="S1",'08_MERGED_ANALYSIS'!K14,"") | AA14: =IF('08_MERGED_ANALYSIS'!C14="S2",'08_MERGED_ANALYSIS'!K14,"") | AB14: =IF('08_MERGED_ANALYSIS'!H14=1,'08_MERGED_ANALYSIS'!G14,"") | AC14: =IF('08_MERGED_ANALYSIS'!H14=0,'08_MERGED_ANALYSIS'!G14,"") | AD14: =IF('08_MERGED_ANALYSIS'!L14<>"",'08_MERGED_ANALYSIS'!F14,"") | AE14: =IF('08_MERGED_ANALYSIS'!L14<>"",IF('08_MERGED_ANALYSIS'!L14,1,0),"")
A15: Scenario | B15: n | C15: Cronbach's alpha | N15: =IF('08_MERGED_ANALYSIS'!C15="S1",'08_MERGED_ANALYSIS'!G15,"") | O15: =IF('08_MERGED_ANALYSIS'!C15="S2",'08_MERGED_ANALYSIS'!G15,"") | P15: =IF('08_MERGED_ANALYSIS'!C15="S1",'08_MERGED_ANALYSIS'!D15,"") | Q15: =IF('08_MERGED_ANALYSIS'!C15="S1",'08_MERGED_ANALYSIS'!E15,"") | R15: =IF('08_MERGED_ANALYSIS'!C15="S1",'08_MERGED_ANALYSIS'!F15,"") | S15: =IF('08_MERGED_ANALYSIS'!C15="S2",'08_MERGED_ANALYSIS'!D15,"") | T15: =IF('08_MERGED_ANALYSIS'!C15="S2",'08_MERGED_ANALYSIS'!E15,"") | U15: =IF('08_MERGED_ANALYSIS'!C15="S2",'08_MERGED_ANALYSIS'!F15,"") | V15: =IF(P15="","",P15+Q15+R15) | W15: =IF(S15="","",S15+T15+U15) | X15: =IF(AND('08_MERGED_ANALYSIS'!C15="S1",'08_MERGED_ANALYSIS'!J15<>"",'08_MERGED_ANALYSIS'!J15>=0,'08_MERGED_ANALYSIS'!J15<=3600),'08_MERGED_ANALYSIS'!J15,"") | Y15: =IF(AND('08_MERGED_ANALYSIS'!C15="S2",'08_MERGED_ANALYSIS'!J15<>"",'08_MERGED_ANALYSIS'!J15>=0,'08_MERGED_ANALYSIS'!J15<=3600),'08_MERGED_ANALYSIS'!J15,"") | Z15: =IF('08_MERGED_ANALYSIS'!C15="S1",'08_MERGED_ANALYSIS'!K15,"") | AA15: =IF('08_MERGED_ANALYSIS'!C15="S2",'08_MERGED_ANALYSIS'!K15,"") | AB15: =IF('08_MERGED_ANALYSIS'!H15=1,'08_MERGED_ANALYSIS'!G15,"") | AC15: =IF('08_MERGED_ANALYSIS'!H15=0,'08_MERGED_ANALYSIS'!G15,"") | AD15: =IF('08_MERGED_ANALYSIS'!L15<>"",'08_MERGED_ANALYSIS'!F15,"") | AE15: =IF('08_MERGED_ANALYSIS'!L15<>"",IF('08_MERGED_ANALYSIS'!L15,1,0),"")
A16: S1 | B16: =COUNT(P2:P44) | C16: =(3/2)*(1-(VAR.S(P2:P44)+VAR.S(Q2:Q44)+VAR.S(R2:R44))/VAR.S(V2:V44)) | N16: =IF('08_MERGED_ANALYSIS'!C16="S1",'08_MERGED_ANALYSIS'!G16,"") | O16: =IF('08_MERGED_ANALYSIS'!C16="S2",'08_MERGED_ANALYSIS'!G16,"") | P16: =IF('08_MERGED_ANALYSIS'!C16="S1",'08_MERGED_ANALYSIS'!D16,"") | Q16: =IF('08_MERGED_ANALYSIS'!C16="S1",'08_MERGED_ANALYSIS'!E16,"") | R16: =IF('08_MERGED_ANALYSIS'!C16="S1",'08_MERGED_ANALYSIS'!F16,"") | S16: =IF('08_MERGED_ANALYSIS'!C16="S2",'08_MERGED_ANALYSIS'!D16,"") | T16: =IF('08_MERGED_ANALYSIS'!C16="S2",'08_MERGED_ANALYSIS'!E16,"") | U16: =IF('08_MERGED_ANALYSIS'!C16="S2",'08_MERGED_ANALYSIS'!F16,"") | V16: =IF(P16="","",P16+Q16+R16) | W16: =IF(S16="","",S16+T16+U16) | X16: =IF(AND('08_MERGED_ANALYSIS'!C16="S1",'08_MERGED_ANALYSIS'!J16<>"",'08_MERGED_ANALYSIS'!J16>=0,'08_MERGED_ANALYSIS'!J16<=3600),'08_MERGED_ANALYSIS'!J16,"") | Y16: =IF(AND('08_MERGED_ANALYSIS'!C16="S2",'08_MERGED_ANALYSIS'!J16<>"",'08_MERGED_ANALYSIS'!J16>=0,'08_MERGED_ANALYSIS'!J16<=3600),'08_MERGED_ANALYSIS'!J16,"") | Z16: =IF('08_MERGED_ANALYSIS'!C16="S1",'08_MERGED_ANALYSIS'!K16,"") | AA16: =IF('08_MERGED_ANALYSIS'!C16="S2",'08_MERGED_ANALYSIS'!K16,"") | AB16: =IF('08_MERGED_ANALYSIS'!H16=1,'08_MERGED_ANALYSIS'!G16,"") | AC16: =IF('08_MERGED_ANALYSIS'!H16=0,'08_MERGED_ANALYSIS'!G16,"") | AD16: =IF('08_MERGED_ANALYSIS'!L16<>"",'08_MERGED_ANALYSIS'!F16,"") | AE16: =IF('08_MERGED_ANALYSIS'!L16<>"",IF('08_MERGED_ANALYSIS'!L16,1,0),"")
A17: S2 | B17: =COUNT(S2:S44) | C17: =(3/2)*(1-(VAR.S(S2:S44)+VAR.S(T2:T44)+VAR.S(U2:U44))/VAR.S(W2:W44)) | N17: =IF('08_MERGED_ANALYSIS'!C17="S1",'08_MERGED_ANALYSIS'!G17,"") | O17: =IF('08_MERGED_ANALYSIS'!C17="S2",'08_MERGED_ANALYSIS'!G17,"") | P17: =IF('08_MERGED_ANALYSIS'!C17="S1",'08_MERGED_ANALYSIS'!D17,"") | Q17: =IF('08_MERGED_ANALYSIS'!C17="S1",'08_MERGED_ANALYSIS'!E17,"") | R17: =IF('08_MERGED_ANALYSIS'!C17="S1",'08_MERGED_ANALYSIS'!F17,"") | S17: =IF('08_MERGED_ANALYSIS'!C17="S2",'08_MERGED_ANALYSIS'!D17,"") | T17: =IF('08_MERGED_ANALYSIS'!C17="S2",'08_MERGED_ANALYSIS'!E17,"") | U17: =IF('08_MERGED_ANALYSIS'!C17="S2",'08_MERGED_ANALYSIS'!F17,"") | V17: =IF(P17="","",P17+Q17+R17) | W17: =IF(S17="","",S17+T17+U17) | X17: =IF(AND('08_MERGED_ANALYSIS'!C17="S1",'08_MERGED_ANALYSIS'!J17<>"",'08_MERGED_ANALYSIS'!J17>=0,'08_MERGED_ANALYSIS'!J17<=3600),'08_MERGED_ANALYSIS'!J17,"") | Y17: =IF(AND('08_MERGED_ANALYSIS'!C17="S2",'08_MERGED_ANALYSIS'!J17<>"",'08_MERGED_ANALYSIS'!J17>=0,'08_MERGED_ANALYSIS'!J17<=3600),'08_MERGED_ANALYSIS'!J17,"") | Z17: =IF('08_MERGED_ANALYSIS'!C17="S1",'08_MERGED_ANALYSIS'!K17,"") | AA17: =IF('08_MERGED_ANALYSIS'!C17="S2",'08_MERGED_ANALYSIS'!K17,"") | AB17: =IF('08_MERGED_ANALYSIS'!H17=1,'08_MERGED_ANALYSIS'!G17,"") | AC17: =IF('08_MERGED_ANALYSIS'!H17=0,'08_MERGED_ANALYSIS'!G17,"") | AD17: =IF('08_MERGED_ANALYSIS'!L17<>"",'08_MERGED_ANALYSIS'!F17,"") | AE17: =IF('08_MERGED_ANALYSIS'!L17<>"",IF('08_MERGED_ANALYSIS'!L17,1,0),"")
A18: Formula: Cronbach's alpha = (k/(k-1))*(1 - sum(item variances)/variance(total score)), computed via the helper columns in N:AC (one row per observation, scenario-filtered) -- plain VAR.S formulas, no array/CSE entry required. | N18: =IF('08_MERGED_ANALYSIS'!C18="S1",'08_MERGED_ANALYSIS'!G18,"") | O18: =IF('08_MERGED_ANALYSIS'!C18="S2",'08_MERGED_ANALYSIS'!G18,"") | P18: =IF('08_MERGED_ANALYSIS'!C18="S1",'08_MERGED_ANALYSIS'!D18,"") | Q18: =IF('08_MERGED_ANALYSIS'!C18="S1",'08_MERGED_ANALYSIS'!E18,"") | R18: =IF('08_MERGED_ANALYSIS'!C18="S1",'08_MERGED_ANALYSIS'!F18,"") | S18: =IF('08_MERGED_ANALYSIS'!C18="S2",'08_MERGED_ANALYSIS'!D18,"") | T18: =IF('08_MERGED_ANALYSIS'!C18="S2",'08_MERGED_ANALYSIS'!E18,"") | U18: =IF('08_MERGED_ANALYSIS'!C18="S2",'08_MERGED_ANALYSIS'!F18,"") | V18: =IF(P18="","",P18+Q18+R18) | W18: =IF(S18="","",S18+T18+U18) | X18: =IF(AND('08_MERGED_ANALYSIS'!C18="S1",'08_MERGED_ANALYSIS'!J18<>"",'08_MERGED_ANALYSIS'!J18>=0,'08_MERGED_ANALYSIS'!J18<=3600),'08_MERGED_ANALYSIS'!J18,"") | Y18: =IF(AND('08_MERGED_ANALYSIS'!C18="S2",'08_MERGED_ANALYSIS'!J18<>"",'08_MERGED_ANALYSIS'!J18>=0,'08_MERGED_ANALYSIS'!J18<=3600),'08_MERGED_ANALYSIS'!J18,"") | Z18: =IF('08_MERGED_ANALYSIS'!C18="S1",'08_MERGED_ANALYSIS'!K18,"") | AA18: =IF('08_MERGED_ANALYSIS'!C18="S2",'08_MERGED_ANALYSIS'!K18,"") | AB18: =IF('08_MERGED_ANALYSIS'!H18=1,'08_MERGED_ANALYSIS'!G18,"") | AC18: =IF('08_MERGED_ANALYSIS'!H18=0,'08_MERGED_ANALYSIS'!G18,"") | AD18: =IF('08_MERGED_ANALYSIS'!L18<>"",'08_MERGED_ANALYSIS'!F18,"") | AE18: =IF('08_MERGED_ANALYSIS'!L18<>"",IF('08_MERGED_ANALYSIS'!L18,1,0),"")
N19: =IF('08_MERGED_ANALYSIS'!C19="S1",'08_MERGED_ANALYSIS'!G19,"") | O19: =IF('08_MERGED_ANALYSIS'!C19="S2",'08_MERGED_ANALYSIS'!G19,"") | P19: =IF('08_MERGED_ANALYSIS'!C19="S1",'08_MERGED_ANALYSIS'!D19,"") | Q19: =IF('08_MERGED_ANALYSIS'!C19="S1",'08_MERGED_ANALYSIS'!E19,"") | R19: =IF('08_MERGED_ANALYSIS'!C19="S1",'08_MERGED_ANALYSIS'!F19,"") | S19: =IF('08_MERGED_ANALYSIS'!C19="S2",'08_MERGED_ANALYSIS'!D19,"") | T19: =IF('08_MERGED_ANALYSIS'!C19="S2",'08_MERGED_ANALYSIS'!E19,"") | U19: =IF('08_MERGED_ANALYSIS'!C19="S2",'08_MERGED_ANALYSIS'!F19,"") | V19: =IF(P19="","",P19+Q19+R19) | W19: =IF(S19="","",S19+T19+U19) | X19: =IF(AND('08_MERGED_ANALYSIS'!C19="S1",'08_MERGED_ANALYSIS'!J19<>"",'08_MERGED_ANALYSIS'!J19>=0,'08_MERGED_ANALYSIS'!J19<=3600),'08_MERGED_ANALYSIS'!J19,"") | Y19: =IF(AND('08_MERGED_ANALYSIS'!C19="S2",'08_MERGED_ANALYSIS'!J19<>"",'08_MERGED_ANALYSIS'!J19>=0,'08_MERGED_ANALYSIS'!J19<=3600),'08_MERGED_ANALYSIS'!J19,"") | Z19: =IF('08_MERGED_ANALYSIS'!C19="S1",'08_MERGED_ANALYSIS'!K19,"") | AA19: =IF('08_MERGED_ANALYSIS'!C19="S2",'08_MERGED_ANALYSIS'!K19,"") | AB19: =IF('08_MERGED_ANALYSIS'!H19=1,'08_MERGED_ANALYSIS'!G19,"") | AC19: =IF('08_MERGED_ANALYSIS'!H19=0,'08_MERGED_ANALYSIS'!G19,"") | AD19: =IF('08_MERGED_ANALYSIS'!L19<>"",'08_MERGED_ANALYSIS'!F19,"") | AE19: =IF('08_MERGED_ANALYSIS'!L19<>"",IF('08_MERGED_ANALYSIS'!L19,1,0),"")
A20: C. Task Success Rate per Scenario (success = answer_status in {answered, verified}) | N20: =IF('08_MERGED_ANALYSIS'!C20="S1",'08_MERGED_ANALYSIS'!G20,"") | O20: =IF('08_MERGED_ANALYSIS'!C20="S2",'08_MERGED_ANALYSIS'!G20,"") | P20: =IF('08_MERGED_ANALYSIS'!C20="S1",'08_MERGED_ANALYSIS'!D20,"") | Q20: =IF('08_MERGED_ANALYSIS'!C20="S1",'08_MERGED_ANALYSIS'!E20,"") | R20: =IF('08_MERGED_ANALYSIS'!C20="S1",'08_MERGED_ANALYSIS'!F20,"") | S20: =IF('08_MERGED_ANALYSIS'!C20="S2",'08_MERGED_ANALYSIS'!D20,"") | T20: =IF('08_MERGED_ANALYSIS'!C20="S2",'08_MERGED_ANALYSIS'!E20,"") | U20: =IF('08_MERGED_ANALYSIS'!C20="S2",'08_MERGED_ANALYSIS'!F20,"") | V20: =IF(P20="","",P20+Q20+R20) | W20: =IF(S20="","",S20+T20+U20) | X20: =IF(AND('08_MERGED_ANALYSIS'!C20="S1",'08_MERGED_ANALYSIS'!J20<>"",'08_MERGED_ANALYSIS'!J20>=0,'08_MERGED_ANALYSIS'!J20<=3600),'08_MERGED_ANALYSIS'!J20,"") | Y20: =IF(AND('08_MERGED_ANALYSIS'!C20="S2",'08_MERGED_ANALYSIS'!J20<>"",'08_MERGED_ANALYSIS'!J20>=0,'08_MERGED_ANALYSIS'!J20<=3600),'08_MERGED_ANALYSIS'!J20,"") | Z20: =IF('08_MERGED_ANALYSIS'!C20="S1",'08_MERGED_ANALYSIS'!K20,"") | AA20: =IF('08_MERGED_ANALYSIS'!C20="S2",'08_MERGED_ANALYSIS'!K20,"") | AB20: =IF('08_MERGED_ANALYSIS'!H20=1,'08_MERGED_ANALYSIS'!G20,"") | AC20: =IF('08_MERGED_ANALYSIS'!H20=0,'08_MERGED_ANALYSIS'!G20,"") | AD20: =IF('08_MERGED_ANALYSIS'!L20<>"",'08_MERGED_ANALYSIS'!F20,"") | AE20: =IF('08_MERGED_ANALYSIS'!L20<>"",IF('08_MERGED_ANALYSIS'!L20,1,0),"")
N21: =IF('08_MERGED_ANALYSIS'!C21="S1",'08_MERGED_ANALYSIS'!G21,"") | O21: =IF('08_MERGED_ANALYSIS'!C21="S2",'08_MERGED_ANALYSIS'!G21,"") | P21: =IF('08_MERGED_ANALYSIS'!C21="S1",'08_MERGED_ANALYSIS'!D21,"") | Q21: =IF('08_MERGED_ANALYSIS'!C21="S1",'08_MERGED_ANALYSIS'!E21,"") | R21: =IF('08_MERGED_ANALYSIS'!C21="S1",'08_MERGED_ANALYSIS'!F21,"") | S21: =IF('08_MERGED_ANALYSIS'!C21="S2",'08_MERGED_ANALYSIS'!D21,"") | T21: =IF('08_MERGED_ANALYSIS'!C21="S2",'08_MERGED_ANALYSIS'!E21,"") | U21: =IF('08_MERGED_ANALYSIS'!C21="S2",'08_MERGED_ANALYSIS'!F21,"") | V21: =IF(P21="","",P21+Q21+R21) | W21: =IF(S21="","",S21+T21+U21) | X21: =IF(AND('08_MERGED_ANALYSIS'!C21="S1",'08_MERGED_ANALYSIS'!J21<>"",'08_MERGED_ANALYSIS'!J21>=0,'08_MERGED_ANALYSIS'!J21<=3600),'08_MERGED_ANALYSIS'!J21,"") | Y21: =IF(AND('08_MERGED_ANALYSIS'!C21="S2",'08_MERGED_ANALYSIS'!J21<>"",'08_MERGED_ANALYSIS'!J21>=0,'08_MERGED_ANALYSIS'!J21<=3600),'08_MERGED_ANALYSIS'!J21,"") | Z21: =IF('08_MERGED_ANALYSIS'!C21="S1",'08_MERGED_ANALYSIS'!K21,"") | AA21: =IF('08_MERGED_ANALYSIS'!C21="S2",'08_MERGED_ANALYSIS'!K21,"") | AB21: =IF('08_MERGED_ANALYSIS'!H21=1,'08_MERGED_ANALYSIS'!G21,"") | AC21: =IF('08_MERGED_ANALYSIS'!H21=0,'08_MERGED_ANALYSIS'!G21,"") | AD21: =IF('08_MERGED_ANALYSIS'!L21<>"",'08_MERGED_ANALYSIS'!F21,"") | AE21: =IF('08_MERGED_ANALYSIS'!L21<>"",IF('08_MERGED_ANALYSIS'!L21,1,0),"")
A22: Scenario | B22: n with linked turn | C22: n success | D22: success rate | N22: =IF('08_MERGED_ANALYSIS'!C22="S1",'08_MERGED_ANALYSIS'!G22,"") | O22: =IF('08_MERGED_ANALYSIS'!C22="S2",'08_MERGED_ANALYSIS'!G22,"") | P22: =IF('08_MERGED_ANALYSIS'!C22="S1",'08_MERGED_ANALYSIS'!D22,"") | Q22: =IF('08_MERGED_ANALYSIS'!C22="S1",'08_MERGED_ANALYSIS'!E22,"") | R22: =IF('08_MERGED_ANALYSIS'!C22="S1",'08_MERGED_ANALYSIS'!F22,"") | S22: =IF('08_MERGED_ANALYSIS'!C22="S2",'08_MERGED_ANALYSIS'!D22,"") | T22: =IF('08_MERGED_ANALYSIS'!C22="S2",'08_MERGED_ANALYSIS'!E22,"") | U22: =IF('08_MERGED_ANALYSIS'!C22="S2",'08_MERGED_ANALYSIS'!F22,"") | V22: =IF(P22="","",P22+Q22+R22) | W22: =IF(S22="","",S22+T22+U22) | X22: =IF(AND('08_MERGED_ANALYSIS'!C22="S1",'08_MERGED_ANALYSIS'!J22<>"",'08_MERGED_ANALYSIS'!J22>=0,'08_MERGED_ANALYSIS'!J22<=3600),'08_MERGED_ANALYSIS'!J22,"") | Y22: =IF(AND('08_MERGED_ANALYSIS'!C22="S2",'08_MERGED_ANALYSIS'!J22<>"",'08_MERGED_ANALYSIS'!J22>=0,'08_MERGED_ANALYSIS'!J22<=3600),'08_MERGED_ANALYSIS'!J22,"") | Z22: =IF('08_MERGED_ANALYSIS'!C22="S1",'08_MERGED_ANALYSIS'!K22,"") | AA22: =IF('08_MERGED_ANALYSIS'!C22="S2",'08_MERGED_ANALYSIS'!K22,"") | AB22: =IF('08_MERGED_ANALYSIS'!H22=1,'08_MERGED_ANALYSIS'!G22,"") | AC22: =IF('08_MERGED_ANALYSIS'!H22=0,'08_MERGED_ANALYSIS'!G22,"") | AD22: =IF('08_MERGED_ANALYSIS'!L22<>"",'08_MERGED_ANALYSIS'!F22,"") | AE22: =IF('08_MERGED_ANALYSIS'!L22<>"",IF('08_MERGED_ANALYSIS'!L22,1,0),"")
A23: S1 | B23: =COUNTIFS('08_MERGED_ANALYSIS'!$C$2:$C$44,"S1",'08_MERGED_ANALYSIS'!$H$2:$H$44,"<>") | C23: =COUNTIFS('08_MERGED_ANALYSIS'!$C$2:$C$44,"S1",'08_MERGED_ANALYSIS'!$H$2:$H$44,1) | D23: =C23/B23 | N23: =IF('08_MERGED_ANALYSIS'!C23="S1",'08_MERGED_ANALYSIS'!G23,"") | O23: =IF('08_MERGED_ANALYSIS'!C23="S2",'08_MERGED_ANALYSIS'!G23,"") | P23: =IF('08_MERGED_ANALYSIS'!C23="S1",'08_MERGED_ANALYSIS'!D23,"") | Q23: =IF('08_MERGED_ANALYSIS'!C23="S1",'08_MERGED_ANALYSIS'!E23,"") | R23: =IF('08_MERGED_ANALYSIS'!C23="S1",'08_MERGED_ANALYSIS'!F23,"") | S23: =IF('08_MERGED_ANALYSIS'!C23="S2",'08_MERGED_ANALYSIS'!D23,"") | T23: =IF('08_MERGED_ANALYSIS'!C23="S2",'08_MERGED_ANALYSIS'!E23,"") | U23: =IF('08_MERGED_ANALYSIS'!C23="S2",'08_MERGED_ANALYSIS'!F23,"") | V23: =IF(P23="","",P23+Q23+R23) | W23: =IF(S23="","",S23+T23+U23) | X23: =IF(AND('08_MERGED_ANALYSIS'!C23="S1",'08_MERGED_ANALYSIS'!J23<>"",'08_MERGED_ANALYSIS'!J23>=0,'08_MERGED_ANALYSIS'!J23<=3600),'08_MERGED_ANALYSIS'!J23,"") | Y23: =IF(AND('08_MERGED_ANALYSIS'!C23="S2",'08_MERGED_ANALYSIS'!J23<>"",'08_MERGED_ANALYSIS'!J23>=0,'08_MERGED_ANALYSIS'!J23<=3600),'08_MERGED_ANALYSIS'!J23,"") | Z23: =IF('08_MERGED_ANALYSIS'!C23="S1",'08_MERGED_ANALYSIS'!K23,"") | AA23: =IF('08_MERGED_ANALYSIS'!C23="S2",'08_MERGED_ANALYSIS'!K23,"") | AB23: =IF('08_MERGED_ANALYSIS'!H23=1,'08_MERGED_ANALYSIS'!G23,"") | AC23: =IF('08_MERGED_ANALYSIS'!H23=0,'08_MERGED_ANALYSIS'!G23,"") | AD23: =IF('08_MERGED_ANALYSIS'!L23<>"",'08_MERGED_ANALYSIS'!F23,"") | AE23: =IF('08_MERGED_ANALYSIS'!L23<>"",IF('08_MERGED_ANALYSIS'!L23,1,0),"")
A24: S2 | B24: =COUNTIFS('08_MERGED_ANALYSIS'!$C$2:$C$44,"S2",'08_MERGED_ANALYSIS'!$H$2:$H$44,"<>") | C24: =COUNTIFS('08_MERGED_ANALYSIS'!$C$2:$C$44,"S2",'08_MERGED_ANALYSIS'!$H$2:$H$44,1) | D24: =C24/B24 | N24: =IF('08_MERGED_ANALYSIS'!C24="S1",'08_MERGED_ANALYSIS'!G24,"") | O24: =IF('08_MERGED_ANALYSIS'!C24="S2",'08_MERGED_ANALYSIS'!G24,"") | P24: =IF('08_MERGED_ANALYSIS'!C24="S1",'08_MERGED_ANALYSIS'!D24,"") | Q24: =IF('08_MERGED_ANALYSIS'!C24="S1",'08_MERGED_ANALYSIS'!E24,"") | R24: =IF('08_MERGED_ANALYSIS'!C24="S1",'08_MERGED_ANALYSIS'!F24,"") | S24: =IF('08_MERGED_ANALYSIS'!C24="S2",'08_MERGED_ANALYSIS'!D24,"") | T24: =IF('08_MERGED_ANALYSIS'!C24="S2",'08_MERGED_ANALYSIS'!E24,"") | U24: =IF('08_MERGED_ANALYSIS'!C24="S2",'08_MERGED_ANALYSIS'!F24,"") | V24: =IF(P24="","",P24+Q24+R24) | W24: =IF(S24="","",S24+T24+U24) | X24: =IF(AND('08_MERGED_ANALYSIS'!C24="S1",'08_MERGED_ANALYSIS'!J24<>"",'08_MERGED_ANALYSIS'!J24>=0,'08_MERGED_ANALYSIS'!J24<=3600),'08_MERGED_ANALYSIS'!J24,"") | Y24: =IF(AND('08_MERGED_ANALYSIS'!C24="S2",'08_MERGED_ANALYSIS'!J24<>"",'08_MERGED_ANALYSIS'!J24>=0,'08_MERGED_ANALYSIS'!J24<=3600),'08_MERGED_ANALYSIS'!J24,"") | Z24: =IF('08_MERGED_ANALYSIS'!C24="S1",'08_MERGED_ANALYSIS'!K24,"") | AA24: =IF('08_MERGED_ANALYSIS'!C24="S2",'08_MERGED_ANALYSIS'!K24,"") | AB24: =IF('08_MERGED_ANALYSIS'!H24=1,'08_MERGED_ANALYSIS'!G24,"") | AC24: =IF('08_MERGED_ANALYSIS'!H24=0,'08_MERGED_ANALYSIS'!G24,"") | AD24: =IF('08_MERGED_ANALYSIS'!L24<>"",'08_MERGED_ANALYSIS'!F24,"") | AE24: =IF('08_MERGED_ANALYSIS'!L24<>"",IF('08_MERGED_ANALYSIS'!L24,1,0),"")
N25: =IF('08_MERGED_ANALYSIS'!C25="S1",'08_MERGED_ANALYSIS'!G25,"") | O25: =IF('08_MERGED_ANALYSIS'!C25="S2",'08_MERGED_ANALYSIS'!G25,"") | P25: =IF('08_MERGED_ANALYSIS'!C25="S1",'08_MERGED_ANALYSIS'!D25,"") | Q25: =IF('08_MERGED_ANALYSIS'!C25="S1",'08_MERGED_ANALYSIS'!E25,"") | R25: =IF('08_MERGED_ANALYSIS'!C25="S1",'08_MERGED_ANALYSIS'!F25,"") | S25: =IF('08_MERGED_ANALYSIS'!C25="S2",'08_MERGED_ANALYSIS'!D25,"") | T25: =IF('08_MERGED_ANALYSIS'!C25="S2",'08_MERGED_ANALYSIS'!E25,"") | U25: =IF('08_MERGED_ANALYSIS'!C25="S2",'08_MERGED_ANALYSIS'!F25,"") | V25: =IF(P25="","",P25+Q25+R25) | W25: =IF(S25="","",S25+T25+U25) | X25: =IF(AND('08_MERGED_ANALYSIS'!C25="S1",'08_MERGED_ANALYSIS'!J25<>"",'08_MERGED_ANALYSIS'!J25>=0,'08_MERGED_ANALYSIS'!J25<=3600),'08_MERGED_ANALYSIS'!J25,"") | Y25: =IF(AND('08_MERGED_ANALYSIS'!C25="S2",'08_MERGED_ANALYSIS'!J25<>"",'08_MERGED_ANALYSIS'!J25>=0,'08_MERGED_ANALYSIS'!J25<=3600),'08_MERGED_ANALYSIS'!J25,"") | Z25: =IF('08_MERGED_ANALYSIS'!C25="S1",'08_MERGED_ANALYSIS'!K25,"") | AA25: =IF('08_MERGED_ANALYSIS'!C25="S2",'08_MERGED_ANALYSIS'!K25,"") | AB25: =IF('08_MERGED_ANALYSIS'!H25=1,'08_MERGED_ANALYSIS'!G25,"") | AC25: =IF('08_MERGED_ANALYSIS'!H25=0,'08_MERGED_ANALYSIS'!G25,"") | AD25: =IF('08_MERGED_ANALYSIS'!L25<>"",'08_MERGED_ANALYSIS'!F25,"") | AE25: =IF('08_MERGED_ANALYSIS'!L25<>"",IF('08_MERGED_ANALYSIS'!L25,1,0),"")
A26: D. Completion Time (sec, proxy) and Latency (ms) per Scenario | N26: =IF('08_MERGED_ANALYSIS'!C26="S1",'08_MERGED_ANALYSIS'!G26,"") | O26: =IF('08_MERGED_ANALYSIS'!C26="S2",'08_MERGED_ANALYSIS'!G26,"") | P26: =IF('08_MERGED_ANALYSIS'!C26="S1",'08_MERGED_ANALYSIS'!D26,"") | Q26: =IF('08_MERGED_ANALYSIS'!C26="S1",'08_MERGED_ANALYSIS'!E26,"") | R26: =IF('08_MERGED_ANALYSIS'!C26="S1",'08_MERGED_ANALYSIS'!F26,"") | S26: =IF('08_MERGED_ANALYSIS'!C26="S2",'08_MERGED_ANALYSIS'!D26,"") | T26: =IF('08_MERGED_ANALYSIS'!C26="S2",'08_MERGED_ANALYSIS'!E26,"") | U26: =IF('08_MERGED_ANALYSIS'!C26="S2",'08_MERGED_ANALYSIS'!F26,"") | V26: =IF(P26="","",P26+Q26+R26) | W26: =IF(S26="","",S26+T26+U26) | X26: =IF(AND('08_MERGED_ANALYSIS'!C26="S1",'08_MERGED_ANALYSIS'!J26<>"",'08_MERGED_ANALYSIS'!J26>=0,'08_MERGED_ANALYSIS'!J26<=3600),'08_MERGED_ANALYSIS'!J26,"") | Y26: =IF(AND('08_MERGED_ANALYSIS'!C26="S2",'08_MERGED_ANALYSIS'!J26<>"",'08_MERGED_ANALYSIS'!J26>=0,'08_MERGED_ANALYSIS'!J26<=3600),'08_MERGED_ANALYSIS'!J26,"") | Z26: =IF('08_MERGED_ANALYSIS'!C26="S1",'08_MERGED_ANALYSIS'!K26,"") | AA26: =IF('08_MERGED_ANALYSIS'!C26="S2",'08_MERGED_ANALYSIS'!K26,"") | AB26: =IF('08_MERGED_ANALYSIS'!H26=1,'08_MERGED_ANALYSIS'!G26,"") | AC26: =IF('08_MERGED_ANALYSIS'!H26=0,'08_MERGED_ANALYSIS'!G26,"") | AD26: =IF('08_MERGED_ANALYSIS'!L26<>"",'08_MERGED_ANALYSIS'!F26,"") | AE26: =IF('08_MERGED_ANALYSIS'!L26<>"",IF('08_MERGED_ANALYSIS'!L26,1,0),"")
N27: =IF('08_MERGED_ANALYSIS'!C27="S1",'08_MERGED_ANALYSIS'!G27,"") | O27: =IF('08_MERGED_ANALYSIS'!C27="S2",'08_MERGED_ANALYSIS'!G27,"") | P27: =IF('08_MERGED_ANALYSIS'!C27="S1",'08_MERGED_ANALYSIS'!D27,"") | Q27: =IF('08_MERGED_ANALYSIS'!C27="S1",'08_MERGED_ANALYSIS'!E27,"") | R27: =IF('08_MERGED_ANALYSIS'!C27="S1",'08_MERGED_ANALYSIS'!F27,"") | S27: =IF('08_MERGED_ANALYSIS'!C27="S2",'08_MERGED_ANALYSIS'!D27,"") | T27: =IF('08_MERGED_ANALYSIS'!C27="S2",'08_MERGED_ANALYSIS'!E27,"") | U27: =IF('08_MERGED_ANALYSIS'!C27="S2",'08_MERGED_ANALYSIS'!F27,"") | V27: =IF(P27="","",P27+Q27+R27) | W27: =IF(S27="","",S27+T27+U27) | X27: =IF(AND('08_MERGED_ANALYSIS'!C27="S1",'08_MERGED_ANALYSIS'!J27<>"",'08_MERGED_ANALYSIS'!J27>=0,'08_MERGED_ANALYSIS'!J27<=3600),'08_MERGED_ANALYSIS'!J27,"") | Y27: =IF(AND('08_MERGED_ANALYSIS'!C27="S2",'08_MERGED_ANALYSIS'!J27<>"",'08_MERGED_ANALYSIS'!J27>=0,'08_MERGED_ANALYSIS'!J27<=3600),'08_MERGED_ANALYSIS'!J27,"") | Z27: =IF('08_MERGED_ANALYSIS'!C27="S1",'08_MERGED_ANALYSIS'!K27,"") | AA27: =IF('08_MERGED_ANALYSIS'!C27="S2",'08_MERGED_ANALYSIS'!K27,"") | AB27: =IF('08_MERGED_ANALYSIS'!H27=1,'08_MERGED_ANALYSIS'!G27,"") | AC27: =IF('08_MERGED_ANALYSIS'!H27=0,'08_MERGED_ANALYSIS'!G27,"") | AD27: =IF('08_MERGED_ANALYSIS'!L27<>"",'08_MERGED_ANALYSIS'!F27,"") | AE27: =IF('08_MERGED_ANALYSIS'!L27<>"",IF('08_MERGED_ANALYSIS'!L27,1,0),"")
A28: Scenario | B28: Median completion_time_sec (clean) | C28: Mean latency_ms | D28: Median latency_ms | N28: =IF('08_MERGED_ANALYSIS'!C28="S1",'08_MERGED_ANALYSIS'!G28,"") | O28: =IF('08_MERGED_ANALYSIS'!C28="S2",'08_MERGED_ANALYSIS'!G28,"") | P28: =IF('08_MERGED_ANALYSIS'!C28="S1",'08_MERGED_ANALYSIS'!D28,"") | Q28: =IF('08_MERGED_ANALYSIS'!C28="S1",'08_MERGED_ANALYSIS'!E28,"") | R28: =IF('08_MERGED_ANALYSIS'!C28="S1",'08_MERGED_ANALYSIS'!F28,"") | S28: =IF('08_MERGED_ANALYSIS'!C28="S2",'08_MERGED_ANALYSIS'!D28,"") | T28: =IF('08_MERGED_ANALYSIS'!C28="S2",'08_MERGED_ANALYSIS'!E28,"") | U28: =IF('08_MERGED_ANALYSIS'!C28="S2",'08_MERGED_ANALYSIS'!F28,"") | V28: =IF(P28="","",P28+Q28+R28) | W28: =IF(S28="","",S28+T28+U28) | X28: =IF(AND('08_MERGED_ANALYSIS'!C28="S1",'08_MERGED_ANALYSIS'!J28<>"",'08_MERGED_ANALYSIS'!J28>=0,'08_MERGED_ANALYSIS'!J28<=3600),'08_MERGED_ANALYSIS'!J28,"") | Y28: =IF(AND('08_MERGED_ANALYSIS'!C28="S2",'08_MERGED_ANALYSIS'!J28<>"",'08_MERGED_ANALYSIS'!J28>=0,'08_MERGED_ANALYSIS'!J28<=3600),'08_MERGED_ANALYSIS'!J28,"") | Z28: =IF('08_MERGED_ANALYSIS'!C28="S1",'08_MERGED_ANALYSIS'!K28,"") | AA28: =IF('08_MERGED_ANALYSIS'!C28="S2",'08_MERGED_ANALYSIS'!K28,"") | AB28: =IF('08_MERGED_ANALYSIS'!H28=1,'08_MERGED_ANALYSIS'!G28,"") | AC28: =IF('08_MERGED_ANALYSIS'!H28=0,'08_MERGED_ANALYSIS'!G28,"") | AD28: =IF('08_MERGED_ANALYSIS'!L28<>"",'08_MERGED_ANALYSIS'!F28,"") | AE28: =IF('08_MERGED_ANALYSIS'!L28<>"",IF('08_MERGED_ANALYSIS'!L28,1,0),"")
A29: S1 | B29: =MEDIAN(X2:X44) | C29: =AVERAGE(Z2:Z44) | D29: =MEDIAN(Z2:Z44) | N29: =IF('08_MERGED_ANALYSIS'!C29="S1",'08_MERGED_ANALYSIS'!G29,"") | O29: =IF('08_MERGED_ANALYSIS'!C29="S2",'08_MERGED_ANALYSIS'!G29,"") | P29: =IF('08_MERGED_ANALYSIS'!C29="S1",'08_MERGED_ANALYSIS'!D29,"") | Q29: =IF('08_MERGED_ANALYSIS'!C29="S1",'08_MERGED_ANALYSIS'!E29,"") | R29: =IF('08_MERGED_ANALYSIS'!C29="S1",'08_MERGED_ANALYSIS'!F29,"") | S29: =IF('08_MERGED_ANALYSIS'!C29="S2",'08_MERGED_ANALYSIS'!D29,"") | T29: =IF('08_MERGED_ANALYSIS'!C29="S2",'08_MERGED_ANALYSIS'!E29,"") | U29: =IF('08_MERGED_ANALYSIS'!C29="S2",'08_MERGED_ANALYSIS'!F29,"") | V29: =IF(P29="","",P29+Q29+R29) | W29: =IF(S29="","",S29+T29+U29) | X29: =IF(AND('08_MERGED_ANALYSIS'!C29="S1",'08_MERGED_ANALYSIS'!J29<>"",'08_MERGED_ANALYSIS'!J29>=0,'08_MERGED_ANALYSIS'!J29<=3600),'08_MERGED_ANALYSIS'!J29,"") | Y29: =IF(AND('08_MERGED_ANALYSIS'!C29="S2",'08_MERGED_ANALYSIS'!J29<>"",'08_MERGED_ANALYSIS'!J29>=0,'08_MERGED_ANALYSIS'!J29<=3600),'08_MERGED_ANALYSIS'!J29,"") | Z29: =IF('08_MERGED_ANALYSIS'!C29="S1",'08_MERGED_ANALYSIS'!K29,"") | AA29: =IF('08_MERGED_ANALYSIS'!C29="S2",'08_MERGED_ANALYSIS'!K29,"") | AB29: =IF('08_MERGED_ANALYSIS'!H29=1,'08_MERGED_ANALYSIS'!G29,"") | AC29: =IF('08_MERGED_ANALYSIS'!H29=0,'08_MERGED_ANALYSIS'!G29,"") | AD29: =IF('08_MERGED_ANALYSIS'!L29<>"",'08_MERGED_ANALYSIS'!F29,"") | AE29: =IF('08_MERGED_ANALYSIS'!L29<>"",IF('08_MERGED_ANALYSIS'!L29,1,0),"")
A30: S2 | B30: =MEDIAN(Y2:Y44) | C30: =AVERAGE(AA2:AA44) | D30: =MEDIAN(AA2:AA44) | N30: =IF('08_MERGED_ANALYSIS'!C30="S1",'08_MERGED_ANALYSIS'!G30,"") | O30: =IF('08_MERGED_ANALYSIS'!C30="S2",'08_MERGED_ANALYSIS'!G30,"") | P30: =IF('08_MERGED_ANALYSIS'!C30="S1",'08_MERGED_ANALYSIS'!D30,"") | Q30: =IF('08_MERGED_ANALYSIS'!C30="S1",'08_MERGED_ANALYSIS'!E30,"") | R30: =IF('08_MERGED_ANALYSIS'!C30="S1",'08_MERGED_ANALYSIS'!F30,"") | S30: =IF('08_MERGED_ANALYSIS'!C30="S2",'08_MERGED_ANALYSIS'!D30,"") | T30: =IF('08_MERGED_ANALYSIS'!C30="S2",'08_MERGED_ANALYSIS'!E30,"") | U30: =IF('08_MERGED_ANALYSIS'!C30="S2",'08_MERGED_ANALYSIS'!F30,"") | V30: =IF(P30="","",P30+Q30+R30) | W30: =IF(S30="","",S30+T30+U30) | X30: =IF(AND('08_MERGED_ANALYSIS'!C30="S1",'08_MERGED_ANALYSIS'!J30<>"",'08_MERGED_ANALYSIS'!J30>=0,'08_MERGED_ANALYSIS'!J30<=3600),'08_MERGED_ANALYSIS'!J30,"") | Y30: =IF(AND('08_MERGED_ANALYSIS'!C30="S2",'08_MERGED_ANALYSIS'!J30<>"",'08_MERGED_ANALYSIS'!J30>=0,'08_MERGED_ANALYSIS'!J30<=3600),'08_MERGED_ANALYSIS'!J30,"") | Z30: =IF('08_MERGED_ANALYSIS'!C30="S1",'08_MERGED_ANALYSIS'!K30,"") | AA30: =IF('08_MERGED_ANALYSIS'!C30="S2",'08_MERGED_ANALYSIS'!K30,"") | AB30: =IF('08_MERGED_ANALYSIS'!H30=1,'08_MERGED_ANALYSIS'!G30,"") | AC30: =IF('08_MERGED_ANALYSIS'!H30=0,'08_MERGED_ANALYSIS'!G30,"") | AD30: =IF('08_MERGED_ANALYSIS'!L30<>"",'08_MERGED_ANALYSIS'!F30,"") | AE30: =IF('08_MERGED_ANALYSIS'!L30<>"",IF('08_MERGED_ANALYSIS'!L30,1,0),"")
N31: =IF('08_MERGED_ANALYSIS'!C31="S1",'08_MERGED_ANALYSIS'!G31,"") | O31: =IF('08_MERGED_ANALYSIS'!C31="S2",'08_MERGED_ANALYSIS'!G31,"") | P31: =IF('08_MERGED_ANALYSIS'!C31="S1",'08_MERGED_ANALYSIS'!D31,"") | Q31: =IF('08_MERGED_ANALYSIS'!C31="S1",'08_MERGED_ANALYSIS'!E31,"") | R31: =IF('08_MERGED_ANALYSIS'!C31="S1",'08_MERGED_ANALYSIS'!F31,"") | S31: =IF('08_MERGED_ANALYSIS'!C31="S2",'08_MERGED_ANALYSIS'!D31,"") | T31: =IF('08_MERGED_ANALYSIS'!C31="S2",'08_MERGED_ANALYSIS'!E31,"") | U31: =IF('08_MERGED_ANALYSIS'!C31="S2",'08_MERGED_ANALYSIS'!F31,"") | V31: =IF(P31="","",P31+Q31+R31) | W31: =IF(S31="","",S31+T31+U31) | X31: =IF(AND('08_MERGED_ANALYSIS'!C31="S1",'08_MERGED_ANALYSIS'!J31<>"",'08_MERGED_ANALYSIS'!J31>=0,'08_MERGED_ANALYSIS'!J31<=3600),'08_MERGED_ANALYSIS'!J31,"") | Y31: =IF(AND('08_MERGED_ANALYSIS'!C31="S2",'08_MERGED_ANALYSIS'!J31<>"",'08_MERGED_ANALYSIS'!J31>=0,'08_MERGED_ANALYSIS'!J31<=3600),'08_MERGED_ANALYSIS'!J31,"") | Z31: =IF('08_MERGED_ANALYSIS'!C31="S1",'08_MERGED_ANALYSIS'!K31,"") | AA31: =IF('08_MERGED_ANALYSIS'!C31="S2",'08_MERGED_ANALYSIS'!K31,"") | AB31: =IF('08_MERGED_ANALYSIS'!H31=1,'08_MERGED_ANALYSIS'!G31,"") | AC31: =IF('08_MERGED_ANALYSIS'!H31=0,'08_MERGED_ANALYSIS'!G31,"") | AD31: =IF('08_MERGED_ANALYSIS'!L31<>"",'08_MERGED_ANALYSIS'!F31,"") | AE31: =IF('08_MERGED_ANALYSIS'!L31<>"",IF('08_MERGED_ANALYSIS'!L31,1,0),"")
A32: E. ASQ Mean by Task Success Group (subjective vs. objective) | N32: =IF('08_MERGED_ANALYSIS'!C32="S1",'08_MERGED_ANALYSIS'!G32,"") | O32: =IF('08_MERGED_ANALYSIS'!C32="S2",'08_MERGED_ANALYSIS'!G32,"") | P32: =IF('08_MERGED_ANALYSIS'!C32="S1",'08_MERGED_ANALYSIS'!D32,"") | Q32: =IF('08_MERGED_ANALYSIS'!C32="S1",'08_MERGED_ANALYSIS'!E32,"") | R32: =IF('08_MERGED_ANALYSIS'!C32="S1",'08_MERGED_ANALYSIS'!F32,"") | S32: =IF('08_MERGED_ANALYSIS'!C32="S2",'08_MERGED_ANALYSIS'!D32,"") | T32: =IF('08_MERGED_ANALYSIS'!C32="S2",'08_MERGED_ANALYSIS'!E32,"") | U32: =IF('08_MERGED_ANALYSIS'!C32="S2",'08_MERGED_ANALYSIS'!F32,"") | V32: =IF(P32="","",P32+Q32+R32) | W32: =IF(S32="","",S32+T32+U32) | X32: =IF(AND('08_MERGED_ANALYSIS'!C32="S1",'08_MERGED_ANALYSIS'!J32<>"",'08_MERGED_ANALYSIS'!J32>=0,'08_MERGED_ANALYSIS'!J32<=3600),'08_MERGED_ANALYSIS'!J32,"") | Y32: =IF(AND('08_MERGED_ANALYSIS'!C32="S2",'08_MERGED_ANALYSIS'!J32<>"",'08_MERGED_ANALYSIS'!J32>=0,'08_MERGED_ANALYSIS'!J32<=3600),'08_MERGED_ANALYSIS'!J32,"") | Z32: =IF('08_MERGED_ANALYSIS'!C32="S1",'08_MERGED_ANALYSIS'!K32,"") | AA32: =IF('08_MERGED_ANALYSIS'!C32="S2",'08_MERGED_ANALYSIS'!K32,"") | AB32: =IF('08_MERGED_ANALYSIS'!H32=1,'08_MERGED_ANALYSIS'!G32,"") | AC32: =IF('08_MERGED_ANALYSIS'!H32=0,'08_MERGED_ANALYSIS'!G32,"") | AD32: =IF('08_MERGED_ANALYSIS'!L32<>"",'08_MERGED_ANALYSIS'!F32,"") | AE32: =IF('08_MERGED_ANALYSIS'!L32<>"",IF('08_MERGED_ANALYSIS'!L32,1,0),"")
N33: =IF('08_MERGED_ANALYSIS'!C33="S1",'08_MERGED_ANALYSIS'!G33,"") | O33: =IF('08_MERGED_ANALYSIS'!C33="S2",'08_MERGED_ANALYSIS'!G33,"") | P33: =IF('08_MERGED_ANALYSIS'!C33="S1",'08_MERGED_ANALYSIS'!D33,"") | Q33: =IF('08_MERGED_ANALYSIS'!C33="S1",'08_MERGED_ANALYSIS'!E33,"") | R33: =IF('08_MERGED_ANALYSIS'!C33="S1",'08_MERGED_ANALYSIS'!F33,"") | S33: =IF('08_MERGED_ANALYSIS'!C33="S2",'08_MERGED_ANALYSIS'!D33,"") | T33: =IF('08_MERGED_ANALYSIS'!C33="S2",'08_MERGED_ANALYSIS'!E33,"") | U33: =IF('08_MERGED_ANALYSIS'!C33="S2",'08_MERGED_ANALYSIS'!F33,"") | V33: =IF(P33="","",P33+Q33+R33) | W33: =IF(S33="","",S33+T33+U33) | X33: =IF(AND('08_MERGED_ANALYSIS'!C33="S1",'08_MERGED_ANALYSIS'!J33<>"",'08_MERGED_ANALYSIS'!J33>=0,'08_MERGED_ANALYSIS'!J33<=3600),'08_MERGED_ANALYSIS'!J33,"") | Y33: =IF(AND('08_MERGED_ANALYSIS'!C33="S2",'08_MERGED_ANALYSIS'!J33<>"",'08_MERGED_ANALYSIS'!J33>=0,'08_MERGED_ANALYSIS'!J33<=3600),'08_MERGED_ANALYSIS'!J33,"") | Z33: =IF('08_MERGED_ANALYSIS'!C33="S1",'08_MERGED_ANALYSIS'!K33,"") | AA33: =IF('08_MERGED_ANALYSIS'!C33="S2",'08_MERGED_ANALYSIS'!K33,"") | AB33: =IF('08_MERGED_ANALYSIS'!H33=1,'08_MERGED_ANALYSIS'!G33,"") | AC33: =IF('08_MERGED_ANALYSIS'!H33=0,'08_MERGED_ANALYSIS'!G33,"") | AD33: =IF('08_MERGED_ANALYSIS'!L33<>"",'08_MERGED_ANALYSIS'!F33,"") | AE33: =IF('08_MERGED_ANALYSIS'!L33<>"",IF('08_MERGED_ANALYSIS'!L33,1,0),"")
A34: Group | B34: n | C34: Mean ASQ | D34: SD ASQ | N34: =IF('08_MERGED_ANALYSIS'!C34="S1",'08_MERGED_ANALYSIS'!G34,"") | O34: =IF('08_MERGED_ANALYSIS'!C34="S2",'08_MERGED_ANALYSIS'!G34,"") | P34: =IF('08_MERGED_ANALYSIS'!C34="S1",'08_MERGED_ANALYSIS'!D34,"") | Q34: =IF('08_MERGED_ANALYSIS'!C34="S1",'08_MERGED_ANALYSIS'!E34,"") | R34: =IF('08_MERGED_ANALYSIS'!C34="S1",'08_MERGED_ANALYSIS'!F34,"") | S34: =IF('08_MERGED_ANALYSIS'!C34="S2",'08_MERGED_ANALYSIS'!D34,"") | T34: =IF('08_MERGED_ANALYSIS'!C34="S2",'08_MERGED_ANALYSIS'!E34,"") | U34: =IF('08_MERGED_ANALYSIS'!C34="S2",'08_MERGED_ANALYSIS'!F34,"") | V34: =IF(P34="","",P34+Q34+R34) | W34: =IF(S34="","",S34+T34+U34) | X34: =IF(AND('08_MERGED_ANALYSIS'!C34="S1",'08_MERGED_ANALYSIS'!J34<>"",'08_MERGED_ANALYSIS'!J34>=0,'08_MERGED_ANALYSIS'!J34<=3600),'08_MERGED_ANALYSIS'!J34,"") | Y34: =IF(AND('08_MERGED_ANALYSIS'!C34="S2",'08_MERGED_ANALYSIS'!J34<>"",'08_MERGED_ANALYSIS'!J34>=0,'08_MERGED_ANALYSIS'!J34<=3600),'08_MERGED_ANALYSIS'!J34,"") | Z34: =IF('08_MERGED_ANALYSIS'!C34="S1",'08_MERGED_ANALYSIS'!K34,"") | AA34: =IF('08_MERGED_ANALYSIS'!C34="S2",'08_MERGED_ANALYSIS'!K34,"") | AB34: =IF('08_MERGED_ANALYSIS'!H34=1,'08_MERGED_ANALYSIS'!G34,"") | AC34: =IF('08_MERGED_ANALYSIS'!H34=0,'08_MERGED_ANALYSIS'!G34,"") | AD34: =IF('08_MERGED_ANALYSIS'!L34<>"",'08_MERGED_ANALYSIS'!F34,"") | AE34: =IF('08_MERGED_ANALYSIS'!L34<>"",IF('08_MERGED_ANALYSIS'!L34,1,0),"")
A35: task_success = 1 | B35: =COUNT(AB2:AB44) | C35: =AVERAGE(AB2:AB44) | D35: =STDEV.S(AB2:AB44) | N35: =IF('08_MERGED_ANALYSIS'!C35="S1",'08_MERGED_ANALYSIS'!G35,"") | O35: =IF('08_MERGED_ANALYSIS'!C35="S2",'08_MERGED_ANALYSIS'!G35,"") | P35: =IF('08_MERGED_ANALYSIS'!C35="S1",'08_MERGED_ANALYSIS'!D35,"") | Q35: =IF('08_MERGED_ANALYSIS'!C35="S1",'08_MERGED_ANALYSIS'!E35,"") | R35: =IF('08_MERGED_ANALYSIS'!C35="S1",'08_MERGED_ANALYSIS'!F35,"") | S35: =IF('08_MERGED_ANALYSIS'!C35="S2",'08_MERGED_ANALYSIS'!D35,"") | T35: =IF('08_MERGED_ANALYSIS'!C35="S2",'08_MERGED_ANALYSIS'!E35,"") | U35: =IF('08_MERGED_ANALYSIS'!C35="S2",'08_MERGED_ANALYSIS'!F35,"") | V35: =IF(P35="","",P35+Q35+R35) | W35: =IF(S35="","",S35+T35+U35) | X35: =IF(AND('08_MERGED_ANALYSIS'!C35="S1",'08_MERGED_ANALYSIS'!J35<>"",'08_MERGED_ANALYSIS'!J35>=0,'08_MERGED_ANALYSIS'!J35<=3600),'08_MERGED_ANALYSIS'!J35,"") | Y35: =IF(AND('08_MERGED_ANALYSIS'!C35="S2",'08_MERGED_ANALYSIS'!J35<>"",'08_MERGED_ANALYSIS'!J35>=0,'08_MERGED_ANALYSIS'!J35<=3600),'08_MERGED_ANALYSIS'!J35,"") | Z35: =IF('08_MERGED_ANALYSIS'!C35="S1",'08_MERGED_ANALYSIS'!K35,"") | AA35: =IF('08_MERGED_ANALYSIS'!C35="S2",'08_MERGED_ANALYSIS'!K35,"") | AB35: =IF('08_MERGED_ANALYSIS'!H35=1,'08_MERGED_ANALYSIS'!G35,"") | AC35: =IF('08_MERGED_ANALYSIS'!H35=0,'08_MERGED_ANALYSIS'!G35,"") | AD35: =IF('08_MERGED_ANALYSIS'!L35<>"",'08_MERGED_ANALYSIS'!F35,"") | AE35: =IF('08_MERGED_ANALYSIS'!L35<>"",IF('08_MERGED_ANALYSIS'!L35,1,0),"")
A36: task_success = 0 | B36: =COUNT(AC2:AC44) | C36: =AVERAGE(AC2:AC44) | D36: =STDEV.S(AC2:AC44) | N36: =IF('08_MERGED_ANALYSIS'!C36="S1",'08_MERGED_ANALYSIS'!G36,"") | O36: =IF('08_MERGED_ANALYSIS'!C36="S2",'08_MERGED_ANALYSIS'!G36,"") | P36: =IF('08_MERGED_ANALYSIS'!C36="S1",'08_MERGED_ANALYSIS'!D36,"") | Q36: =IF('08_MERGED_ANALYSIS'!C36="S1",'08_MERGED_ANALYSIS'!E36,"") | R36: =IF('08_MERGED_ANALYSIS'!C36="S1",'08_MERGED_ANALYSIS'!F36,"") | S36: =IF('08_MERGED_ANALYSIS'!C36="S2",'08_MERGED_ANALYSIS'!D36,"") | T36: =IF('08_MERGED_ANALYSIS'!C36="S2",'08_MERGED_ANALYSIS'!E36,"") | U36: =IF('08_MERGED_ANALYSIS'!C36="S2",'08_MERGED_ANALYSIS'!F36,"") | V36: =IF(P36="","",P36+Q36+R36) | W36: =IF(S36="","",S36+T36+U36) | X36: =IF(AND('08_MERGED_ANALYSIS'!C36="S1",'08_MERGED_ANALYSIS'!J36<>"",'08_MERGED_ANALYSIS'!J36>=0,'08_MERGED_ANALYSIS'!J36<=3600),'08_MERGED_ANALYSIS'!J36,"") | Y36: =IF(AND('08_MERGED_ANALYSIS'!C36="S2",'08_MERGED_ANALYSIS'!J36<>"",'08_MERGED_ANALYSIS'!J36>=0,'08_MERGED_ANALYSIS'!J36<=3600),'08_MERGED_ANALYSIS'!J36,"") | Z36: =IF('08_MERGED_ANALYSIS'!C36="S1",'08_MERGED_ANALYSIS'!K36,"") | AA36: =IF('08_MERGED_ANALYSIS'!C36="S2",'08_MERGED_ANALYSIS'!K36,"") | AB36: =IF('08_MERGED_ANALYSIS'!H36=1,'08_MERGED_ANALYSIS'!G36,"") | AC36: =IF('08_MERGED_ANALYSIS'!H36=0,'08_MERGED_ANALYSIS'!G36,"") | AD36: =IF('08_MERGED_ANALYSIS'!L36<>"",'08_MERGED_ANALYSIS'!F36,"") | AE36: =IF('08_MERGED_ANALYSIS'!L36<>"",IF('08_MERGED_ANALYSIS'!L36,1,0),"")
N37: =IF('08_MERGED_ANALYSIS'!C37="S1",'08_MERGED_ANALYSIS'!G37,"") | O37: =IF('08_MERGED_ANALYSIS'!C37="S2",'08_MERGED_ANALYSIS'!G37,"") | P37: =IF('08_MERGED_ANALYSIS'!C37="S1",'08_MERGED_ANALYSIS'!D37,"") | Q37: =IF('08_MERGED_ANALYSIS'!C37="S1",'08_MERGED_ANALYSIS'!E37,"") | R37: =IF('08_MERGED_ANALYSIS'!C37="S1",'08_MERGED_ANALYSIS'!F37,"") | S37: =IF('08_MERGED_ANALYSIS'!C37="S2",'08_MERGED_ANALYSIS'!D37,"") | T37: =IF('08_MERGED_ANALYSIS'!C37="S2",'08_MERGED_ANALYSIS'!E37,"") | U37: =IF('08_MERGED_ANALYSIS'!C37="S2",'08_MERGED_ANALYSIS'!F37,"") | V37: =IF(P37="","",P37+Q37+R37) | W37: =IF(S37="","",S37+T37+U37) | X37: =IF(AND('08_MERGED_ANALYSIS'!C37="S1",'08_MERGED_ANALYSIS'!J37<>"",'08_MERGED_ANALYSIS'!J37>=0,'08_MERGED_ANALYSIS'!J37<=3600),'08_MERGED_ANALYSIS'!J37,"") | Y37: =IF(AND('08_MERGED_ANALYSIS'!C37="S2",'08_MERGED_ANALYSIS'!J37<>"",'08_MERGED_ANALYSIS'!J37>=0,'08_MERGED_ANALYSIS'!J37<=3600),'08_MERGED_ANALYSIS'!J37,"") | Z37: =IF('08_MERGED_ANALYSIS'!C37="S1",'08_MERGED_ANALYSIS'!K37,"") | AA37: =IF('08_MERGED_ANALYSIS'!C37="S2",'08_MERGED_ANALYSIS'!K37,"") | AB37: =IF('08_MERGED_ANALYSIS'!H37=1,'08_MERGED_ANALYSIS'!G37,"") | AC37: =IF('08_MERGED_ANALYSIS'!H37=0,'08_MERGED_ANALYSIS'!G37,"") | AD37: =IF('08_MERGED_ANALYSIS'!L37<>"",'08_MERGED_ANALYSIS'!F37,"") | AE37: =IF('08_MERGED_ANALYSIS'!L37<>"",IF('08_MERGED_ANALYSIS'!L37,1,0),"")
A38: F. Correlations | N38: =IF('08_MERGED_ANALYSIS'!C38="S1",'08_MERGED_ANALYSIS'!G38,"") | O38: =IF('08_MERGED_ANALYSIS'!C38="S2",'08_MERGED_ANALYSIS'!G38,"") | P38: =IF('08_MERGED_ANALYSIS'!C38="S1",'08_MERGED_ANALYSIS'!D38,"") | Q38: =IF('08_MERGED_ANALYSIS'!C38="S1",'08_MERGED_ANALYSIS'!E38,"") | R38: =IF('08_MERGED_ANALYSIS'!C38="S1",'08_MERGED_ANALYSIS'!F38,"") | S38: =IF('08_MERGED_ANALYSIS'!C38="S2",'08_MERGED_ANALYSIS'!D38,"") | T38: =IF('08_MERGED_ANALYSIS'!C38="S2",'08_MERGED_ANALYSIS'!E38,"") | U38: =IF('08_MERGED_ANALYSIS'!C38="S2",'08_MERGED_ANALYSIS'!F38,"") | V38: =IF(P38="","",P38+Q38+R38) | W38: =IF(S38="","",S38+T38+U38) | X38: =IF(AND('08_MERGED_ANALYSIS'!C38="S1",'08_MERGED_ANALYSIS'!J38<>"",'08_MERGED_ANALYSIS'!J38>=0,'08_MERGED_ANALYSIS'!J38<=3600),'08_MERGED_ANALYSIS'!J38,"") | Y38: =IF(AND('08_MERGED_ANALYSIS'!C38="S2",'08_MERGED_ANALYSIS'!J38<>"",'08_MERGED_ANALYSIS'!J38>=0,'08_MERGED_ANALYSIS'!J38<=3600),'08_MERGED_ANALYSIS'!J38,"") | Z38: =IF('08_MERGED_ANALYSIS'!C38="S1",'08_MERGED_ANALYSIS'!K38,"") | AA38: =IF('08_MERGED_ANALYSIS'!C38="S2",'08_MERGED_ANALYSIS'!K38,"") | AB38: =IF('08_MERGED_ANALYSIS'!H38=1,'08_MERGED_ANALYSIS'!G38,"") | AC38: =IF('08_MERGED_ANALYSIS'!H38=0,'08_MERGED_ANALYSIS'!G38,"") | AD38: =IF('08_MERGED_ANALYSIS'!L38<>"",'08_MERGED_ANALYSIS'!F38,"") | AE38: =IF('08_MERGED_ANALYSIS'!L38<>"",IF('08_MERGED_ANALYSIS'!L38,1,0),"")
N39: =IF('08_MERGED_ANALYSIS'!C39="S1",'08_MERGED_ANALYSIS'!G39,"") | O39: =IF('08_MERGED_ANALYSIS'!C39="S2",'08_MERGED_ANALYSIS'!G39,"") | P39: =IF('08_MERGED_ANALYSIS'!C39="S1",'08_MERGED_ANALYSIS'!D39,"") | Q39: =IF('08_MERGED_ANALYSIS'!C39="S1",'08_MERGED_ANALYSIS'!E39,"") | R39: =IF('08_MERGED_ANALYSIS'!C39="S1",'08_MERGED_ANALYSIS'!F39,"") | S39: =IF('08_MERGED_ANALYSIS'!C39="S2",'08_MERGED_ANALYSIS'!D39,"") | T39: =IF('08_MERGED_ANALYSIS'!C39="S2",'08_MERGED_ANALYSIS'!E39,"") | U39: =IF('08_MERGED_ANALYSIS'!C39="S2",'08_MERGED_ANALYSIS'!F39,"") | V39: =IF(P39="","",P39+Q39+R39) | W39: =IF(S39="","",S39+T39+U39) | X39: =IF(AND('08_MERGED_ANALYSIS'!C39="S1",'08_MERGED_ANALYSIS'!J39<>"",'08_MERGED_ANALYSIS'!J39>=0,'08_MERGED_ANALYSIS'!J39<=3600),'08_MERGED_ANALYSIS'!J39,"") | Y39: =IF(AND('08_MERGED_ANALYSIS'!C39="S2",'08_MERGED_ANALYSIS'!J39<>"",'08_MERGED_ANALYSIS'!J39>=0,'08_MERGED_ANALYSIS'!J39<=3600),'08_MERGED_ANALYSIS'!J39,"") | Z39: =IF('08_MERGED_ANALYSIS'!C39="S1",'08_MERGED_ANALYSIS'!K39,"") | AA39: =IF('08_MERGED_ANALYSIS'!C39="S2",'08_MERGED_ANALYSIS'!K39,"") | AB39: =IF('08_MERGED_ANALYSIS'!H39=1,'08_MERGED_ANALYSIS'!G39,"") | AC39: =IF('08_MERGED_ANALYSIS'!H39=0,'08_MERGED_ANALYSIS'!G39,"") | AD39: =IF('08_MERGED_ANALYSIS'!L39<>"",'08_MERGED_ANALYSIS'!F39,"") | AE39: =IF('08_MERGED_ANALYSIS'!L39<>"",IF('08_MERGED_ANALYSIS'!L39,1,0),"")
A40: Pair | B40: n | C40: r / rho | D40: p-value | E40: method | N40: =IF('08_MERGED_ANALYSIS'!C40="S1",'08_MERGED_ANALYSIS'!G40,"") | O40: =IF('08_MERGED_ANALYSIS'!C40="S2",'08_MERGED_ANALYSIS'!G40,"") | P40: =IF('08_MERGED_ANALYSIS'!C40="S1",'08_MERGED_ANALYSIS'!D40,"") | Q40: =IF('08_MERGED_ANALYSIS'!C40="S1",'08_MERGED_ANALYSIS'!E40,"") | R40: =IF('08_MERGED_ANALYSIS'!C40="S1",'08_MERGED_ANALYSIS'!F40,"") | S40: =IF('08_MERGED_ANALYSIS'!C40="S2",'08_MERGED_ANALYSIS'!D40,"") | T40: =IF('08_MERGED_ANALYSIS'!C40="S2",'08_MERGED_ANALYSIS'!E40,"") | U40: =IF('08_MERGED_ANALYSIS'!C40="S2",'08_MERGED_ANALYSIS'!F40,"") | V40: =IF(P40="","",P40+Q40+R40) | W40: =IF(S40="","",S40+T40+U40) | X40: =IF(AND('08_MERGED_ANALYSIS'!C40="S1",'08_MERGED_ANALYSIS'!J40<>"",'08_MERGED_ANALYSIS'!J40>=0,'08_MERGED_ANALYSIS'!J40<=3600),'08_MERGED_ANALYSIS'!J40,"") | Y40: =IF(AND('08_MERGED_ANALYSIS'!C40="S2",'08_MERGED_ANALYSIS'!J40<>"",'08_MERGED_ANALYSIS'!J40>=0,'08_MERGED_ANALYSIS'!J40<=3600),'08_MERGED_ANALYSIS'!J40,"") | Z40: =IF('08_MERGED_ANALYSIS'!C40="S1",'08_MERGED_ANALYSIS'!K40,"") | AA40: =IF('08_MERGED_ANALYSIS'!C40="S2",'08_MERGED_ANALYSIS'!K40,"") | AB40: =IF('08_MERGED_ANALYSIS'!H40=1,'08_MERGED_ANALYSIS'!G40,"") | AC40: =IF('08_MERGED_ANALYSIS'!H40=0,'08_MERGED_ANALYSIS'!G40,"") | AD40: =IF('08_MERGED_ANALYSIS'!L40<>"",'08_MERGED_ANALYSIS'!F40,"") | AE40: =IF('08_MERGED_ANALYSIS'!L40<>"",IF('08_MERGED_ANALYSIS'!L40,1,0),"")
A41: ASQ mean vs latency_ms (Pearson, live formula) | B41: =COUNT('08_MERGED_ANALYSIS'!$K$2:$K$44) | C41: =CORREL('08_MERGED_ANALYSIS'!$G$2:$G$44,'08_MERGED_ANALYSIS'!$K$2:$K$44) | D41: =T.DIST.2T(ABS(C41)*SQRT(B41-2)/SQRT(1-C41^2),B41-2) | E41: Pearson (live formula) | N41: =IF('08_MERGED_ANALYSIS'!C41="S1",'08_MERGED_ANALYSIS'!G41,"") | O41: =IF('08_MERGED_ANALYSIS'!C41="S2",'08_MERGED_ANALYSIS'!G41,"") | P41: =IF('08_MERGED_ANALYSIS'!C41="S1",'08_MERGED_ANALYSIS'!D41,"") | Q41: =IF('08_MERGED_ANALYSIS'!C41="S1",'08_MERGED_ANALYSIS'!E41,"") | R41: =IF('08_MERGED_ANALYSIS'!C41="S1",'08_MERGED_ANALYSIS'!F41,"") | S41: =IF('08_MERGED_ANALYSIS'!C41="S2",'08_MERGED_ANALYSIS'!D41,"") | T41: =IF('08_MERGED_ANALYSIS'!C41="S2",'08_MERGED_ANALYSIS'!E41,"") | U41: =IF('08_MERGED_ANALYSIS'!C41="S2",'08_MERGED_ANALYSIS'!F41,"") | V41: =IF(P41="","",P41+Q41+R41) | W41: =IF(S41="","",S41+T41+U41) | X41: =IF(AND('08_MERGED_ANALYSIS'!C41="S1",'08_MERGED_ANALYSIS'!J41<>"",'08_MERGED_ANALYSIS'!J41>=0,'08_MERGED_ANALYSIS'!J41<=3600),'08_MERGED_ANALYSIS'!J41,"") | Y41: =IF(AND('08_MERGED_ANALYSIS'!C41="S2",'08_MERGED_ANALYSIS'!J41<>"",'08_MERGED_ANALYSIS'!J41>=0,'08_MERGED_ANALYSIS'!J41<=3600),'08_MERGED_ANALYSIS'!J41,"") | Z41: =IF('08_MERGED_ANALYSIS'!C41="S1",'08_MERGED_ANALYSIS'!K41,"") | AA41: =IF('08_MERGED_ANALYSIS'!C41="S2",'08_MERGED_ANALYSIS'!K41,"") | AB41: =IF('08_MERGED_ANALYSIS'!H41=1,'08_MERGED_ANALYSIS'!G41,"") | AC41: =IF('08_MERGED_ANALYSIS'!H41=0,'08_MERGED_ANALYSIS'!G41,"") | AD41: =IF('08_MERGED_ANALYSIS'!L41<>"",'08_MERGED_ANALYSIS'!F41,"") | AE41: =IF('08_MERGED_ANALYSIS'!L41<>"",IF('08_MERGED_ANALYSIS'!L41,1,0),"")
A42: ASQ mean vs task_success (point-biserial, live formula) | B42: =COUNT('08_MERGED_ANALYSIS'!$H$2:$H$44) | C42: =CORREL('08_MERGED_ANALYSIS'!$G$2:$G$44,'08_MERGED_ANALYSIS'!$H$2:$H$44) | D42: =T.DIST.2T(ABS(C42)*SQRT(B42-2)/SQRT(1-C42^2),B42-2) | E42: point-biserial = Pearson on 0/1 (live formula) | N42: =IF('08_MERGED_ANALYSIS'!C42="S1",'08_MERGED_ANALYSIS'!G42,"") | O42: =IF('08_MERGED_ANALYSIS'!C42="S2",'08_MERGED_ANALYSIS'!G42,"") | P42: =IF('08_MERGED_ANALYSIS'!C42="S1",'08_MERGED_ANALYSIS'!D42,"") | Q42: =IF('08_MERGED_ANALYSIS'!C42="S1",'08_MERGED_ANALYSIS'!E42,"") | R42: =IF('08_MERGED_ANALYSIS'!C42="S1",'08_MERGED_ANALYSIS'!F42,"") | S42: =IF('08_MERGED_ANALYSIS'!C42="S2",'08_MERGED_ANALYSIS'!D42,"") | T42: =IF('08_MERGED_ANALYSIS'!C42="S2",'08_MERGED_ANALYSIS'!E42,"") | U42: =IF('08_MERGED_ANALYSIS'!C42="S2",'08_MERGED_ANALYSIS'!F42,"") | V42: =IF(P42="","",P42+Q42+R42) | W42: =IF(S42="","",S42+T42+U42) | X42: =IF(AND('08_MERGED_ANALYSIS'!C42="S1",'08_MERGED_ANALYSIS'!J42<>"",'08_MERGED_ANALYSIS'!J42>=0,'08_MERGED_ANALYSIS'!J42<=3600),'08_MERGED_ANALYSIS'!J42,"") | Y42: =IF(AND('08_MERGED_ANALYSIS'!C42="S2",'08_MERGED_ANALYSIS'!J42<>"",'08_MERGED_ANALYSIS'!J42>=0,'08_MERGED_ANALYSIS'!J42<=3600),'08_MERGED_ANALYSIS'!J42,"") | Z42: =IF('08_MERGED_ANALYSIS'!C42="S1",'08_MERGED_ANALYSIS'!K42,"") | AA42: =IF('08_MERGED_ANALYSIS'!C42="S2",'08_MERGED_ANALYSIS'!K42,"") | AB42: =IF('08_MERGED_ANALYSIS'!H42=1,'08_MERGED_ANALYSIS'!G42,"") | AC42: =IF('08_MERGED_ANALYSIS'!H42=0,'08_MERGED_ANALYSIS'!G42,"") | AD42: =IF('08_MERGED_ANALYSIS'!L42<>"",'08_MERGED_ANALYSIS'!F42,"") | AE42: =IF('08_MERGED_ANALYSIS'!L42<>"",IF('08_MERGED_ANALYSIS'!L42,1,0),"")
A43: ASQ_3 vs has_correct_citation (point-biserial, live formula) | B43: =COUNT(AE2:AE44) | C43: =CORREL(AD2:AD44,AE2:AE44) | D43: =T.DIST.2T(ABS(C43)*SQRT(B43-2)/SQRT(1-C43^2),B43-2) | E43: point-biserial = Pearson on 0/1, via helper cols (live formula) | N43: =IF('08_MERGED_ANALYSIS'!C43="S1",'08_MERGED_ANALYSIS'!G43,"") | O43: =IF('08_MERGED_ANALYSIS'!C43="S2",'08_MERGED_ANALYSIS'!G43,"") | P43: =IF('08_MERGED_ANALYSIS'!C43="S1",'08_MERGED_ANALYSIS'!D43,"") | Q43: =IF('08_MERGED_ANALYSIS'!C43="S1",'08_MERGED_ANALYSIS'!E43,"") | R43: =IF('08_MERGED_ANALYSIS'!C43="S1",'08_MERGED_ANALYSIS'!F43,"") | S43: =IF('08_MERGED_ANALYSIS'!C43="S2",'08_MERGED_ANALYSIS'!D43,"") | T43: =IF('08_MERGED_ANALYSIS'!C43="S2",'08_MERGED_ANALYSIS'!E43,"") | U43: =IF('08_MERGED_ANALYSIS'!C43="S2",'08_MERGED_ANALYSIS'!F43,"") | V43: =IF(P43="","",P43+Q43+R43) | W43: =IF(S43="","",S43+T43+U43) | X43: =IF(AND('08_MERGED_ANALYSIS'!C43="S1",'08_MERGED_ANALYSIS'!J43<>"",'08_MERGED_ANALYSIS'!J43>=0,'08_MERGED_ANALYSIS'!J43<=3600),'08_MERGED_ANALYSIS'!J43,"") | Y43: =IF(AND('08_MERGED_ANALYSIS'!C43="S2",'08_MERGED_ANALYSIS'!J43<>"",'08_MERGED_ANALYSIS'!J43>=0,'08_MERGED_ANALYSIS'!J43<=3600),'08_MERGED_ANALYSIS'!J43,"") | Z43: =IF('08_MERGED_ANALYSIS'!C43="S1",'08_MERGED_ANALYSIS'!K43,"") | AA43: =IF('08_MERGED_ANALYSIS'!C43="S2",'08_MERGED_ANALYSIS'!K43,"") | AB43: =IF('08_MERGED_ANALYSIS'!H43=1,'08_MERGED_ANALYSIS'!G43,"") | AC43: =IF('08_MERGED_ANALYSIS'!H43=0,'08_MERGED_ANALYSIS'!G43,"") | AD43: =IF('08_MERGED_ANALYSIS'!L43<>"",'08_MERGED_ANALYSIS'!F43,"") | AE43: =IF('08_MERGED_ANALYSIS'!L43<>"",IF('08_MERGED_ANALYSIS'!L43,1,0),"")
A44: Spearman rho: ASQ mean vs latency_ms (Python-computed, see note) | B44: 42 | C44: 0.077608 | D44: 0.625185 | E44: Spearman (Python/scipy, computed once) | N44: =IF('08_MERGED_ANALYSIS'!C44="S1",'08_MERGED_ANALYSIS'!G44,"") | O44: =IF('08_MERGED_ANALYSIS'!C44="S2",'08_MERGED_ANALYSIS'!G44,"") | P44: =IF('08_MERGED_ANALYSIS'!C44="S1",'08_MERGED_ANALYSIS'!D44,"") | Q44: =IF('08_MERGED_ANALYSIS'!C44="S1",'08_MERGED_ANALYSIS'!E44,"") | R44: =IF('08_MERGED_ANALYSIS'!C44="S1",'08_MERGED_ANALYSIS'!F44,"") | S44: =IF('08_MERGED_ANALYSIS'!C44="S2",'08_MERGED_ANALYSIS'!D44,"") | T44: =IF('08_MERGED_ANALYSIS'!C44="S2",'08_MERGED_ANALYSIS'!E44,"") | U44: =IF('08_MERGED_ANALYSIS'!C44="S2",'08_MERGED_ANALYSIS'!F44,"") | V44: =IF(P44="","",P44+Q44+R44) | W44: =IF(S44="","",S44+T44+U44) | X44: =IF(AND('08_MERGED_ANALYSIS'!C44="S1",'08_MERGED_ANALYSIS'!J44<>"",'08_MERGED_ANALYSIS'!J44>=0,'08_MERGED_ANALYSIS'!J44<=3600),'08_MERGED_ANALYSIS'!J44,"") | Y44: =IF(AND('08_MERGED_ANALYSIS'!C44="S2",'08_MERGED_ANALYSIS'!J44<>"",'08_MERGED_ANALYSIS'!J44>=0,'08_MERGED_ANALYSIS'!J44<=3600),'08_MERGED_ANALYSIS'!J44,"") | Z44: =IF('08_MERGED_ANALYSIS'!C44="S1",'08_MERGED_ANALYSIS'!K44,"") | AA44: =IF('08_MERGED_ANALYSIS'!C44="S2",'08_MERGED_ANALYSIS'!K44,"") | AB44: =IF('08_MERGED_ANALYSIS'!H44=1,'08_MERGED_ANALYSIS'!G44,"") | AC44: =IF('08_MERGED_ANALYSIS'!H44=0,'08_MERGED_ANALYSIS'!G44,"") | AD44: =IF('08_MERGED_ANALYSIS'!L44<>"",'08_MERGED_ANALYSIS'!F44,"") | AE44: =IF('08_MERGED_ANALYSIS'!L44<>"",IF('08_MERGED_ANALYSIS'!L44,1,0),"")
A46: Note: Spearman correlation is reported as a Python-computed value (scipy, same method as build_asq_scenario_excel_2026-08-02.py) rather than a live formula, because ASQ is an ordinal Likert measure and rank-based Spearman is more appropriate than Pearson for it; Pearson/point-biserial above are kept live since they match scipy exactly.
A48: G. Wilcoxon Signed-Rank Test, ASQ mean S1 vs S2 (Python-computed, see note)
A50: paired_n | B50: median_s1 | C50: median_s2 | D50: W statistic | E50: p-value
A51: 21 | B51: 6.333333 | C51: 6.333333 | D51: 18 | E51: 1
A53: Note: computed once in Python (scipy.stats.wilcoxon, exact method) because Excel has no native exact Wilcoxon signed-rank function; a hand-built normal-approximation formula would risk disagreeing with the standard method for reasons unrelated to the data (this dataset has 13/21 tied S1=S2 pairs, exactly where hand-rolled and exact implementations diverge most). See build_research_dataset_excel_2026-08-10.py::compute_wilcoxon.
A55: H. Perception-Performance Gap (continuous framing; no threshold imposed)
A57: Primary comparison: see section E above (mean ASQ by task_success group). No high/low ASQ threshold is imposed here because none is specified or validated in the source methodology -- inventing one would be an integrity risk in this dataset. If a categorical exploratory view is wanted later, add it as a clearly labeled secondary table with the threshold stated explicitly next to it.
A59: I. Reconciliation vs. Values Reported as Already Published
A61: statistic | B61: reported_value | C61: recomputed_value | D61: difference | E61: status | F61: source_of_reported_value
A62: ASQ overall mean | B62: 5.76 | C62: =ROUND(B5,2) | D62: =C62-B62 | E62: =IF(ABS(D62)<0.01,"MATCH",IF(ABS(D62)<0.1,"ROUNDING_DIFFERENCE","MISMATCH")) | F62: reported by user as already-published in the paper
A63: n observations | B63: 43 | C63: =B4 | D63: =C63-B63 | E63: =IF(D63=0,"MATCH","MISMATCH") | F63: reported by user as already-published in the paper
A64: n participants | B64: 22 | C64: =COUNTA('02_PARTICIPANTS'!A2:A100) | D64: =C64-B64 | E64: =IF(D64=0,"MATCH","MISMATCH") | F64: reported by user as already-published in the paper
A65: Cronbach's alpha S1 | B65: SOURCE_NOT_FOUND | C65: see corresponding section above | E65: SOURCE_NOT_FOUND | F65: no independently-stated paper value was supplied for this statistic; not back-filled with a fabricated target
A66: Cronbach's alpha S2 | B66: SOURCE_NOT_FOUND | C66: see corresponding section above | E66: SOURCE_NOT_FOUND | F66: no independently-stated paper value was supplied for this statistic; not back-filled with a fabricated target
A67: Task success rate S1 | B67: SOURCE_NOT_FOUND | C67: see corresponding section above | E67: SOURCE_NOT_FOUND | F67: no independently-stated paper value was supplied for this statistic; not back-filled with a fabricated target
A68: Task success rate S2 | B68: SOURCE_NOT_FOUND | C68: see corresponding section above | E68: SOURCE_NOT_FOUND | F68: no independently-stated paper value was supplied for this statistic; not back-filled with a fabricated target
A69: Completion time median S1 (sec) | B69: SOURCE_NOT_FOUND | C69: see corresponding section above | E69: SOURCE_NOT_FOUND | F69: no independently-stated paper value was supplied for this statistic; not back-filled with a fabricated target
A70: Completion time median S2 (sec) | B70: SOURCE_NOT_FOUND | C70: see corresponding section above | E70: SOURCE_NOT_FOUND | F70: no independently-stated paper value was supplied for this statistic; not back-filled with a fabricated target
A71: Latency mean S1 (ms) | B71: SOURCE_NOT_FOUND | C71: see corresponding section above | E71: SOURCE_NOT_FOUND | F71: no independently-stated paper value was supplied for this statistic; not back-filled with a fabricated target
A72: Latency mean S2 (ms) | B72: SOURCE_NOT_FOUND | C72: see corresponding section above | E72: SOURCE_NOT_FOUND | F72: no independently-stated paper value was supplied for this statistic; not back-filled with a fabricated target
A73: Spearman rho ASQ vs latency | B73: SOURCE_NOT_FOUND | C73: see corresponding section above | E73: SOURCE_NOT_FOUND | F73: no independently-stated paper value was supplied for this statistic; not back-filled with a fabricated target
A74: Wilcoxon p (ASQ S1 vs S2) | B74: SOURCE_NOT_FOUND | C74: see corresponding section above | E74: SOURCE_NOT_FOUND | F74: no independently-stated paper value was supplied for this statistic; not back-filled with a fabricated target

Sheet 10_DATA_QUALITY
A1: check_name | B1: status | C1: affected_rows | D1: description
A2: duplicate observation_id | B2: =IF(C2=0,"PASS",IF(C2>0,"FAIL","PASS")) | C2: =SUMPRODUCT((COUNTIF('03_OBSERVATIONS'!$A$2:$A$44,'03_OBSERVATIONS'!$A$2:$A$44)>1)*1) | D2: Count of observation_id values that appear more than once (expect 0).
A3: duplicate participant-scenario pair | B3: =IF(C3=0,"PASS",IF(C3>0,"FAIL","PASS")) | C3: =SUMPRODUCT((COUNTIFS('03_OBSERVATIONS'!$B$2:$B$44,'03_OBSERVATIONS'!$B$2:$B$44,'03_OBSERVATIONS'!$C$2:$C$44,'03_OBSERVATIONS'!$C$2:$C$44)>1)*1) | D3: Count of (participant_id, scenario_id) combinations that appear more than once (expect 0).
A4: participant without any observation | B4: =IF(C4=0,"PASS",IF(C4>0,"FAIL","PASS")) | C4: =SUMPRODUCT((COUNTIF('03_OBSERVATIONS'!$B$2:$B$44,'02_PARTICIPANTS'!$A$2:$A$23)=0)*1) | D4: Participants in 02_PARTICIPANTS with zero rows in 03_OBSERVATIONS (expect 0).
A5: ASQ item out of 1-7 range | B5: =IF(C5=0,"PASS",IF(C5>0,"FAIL","PASS")) | C5: =SUMPRODUCT(((('04_ASQ_RESPONSES'!$D$2:$D$44<1)+('04_ASQ_RESPONSES'!$D$2:$D$44>7))>0)*1)+SUMPRODUCT(((('04_ASQ_RESPONSES'!$F$2:$F$44<1)+('04_ASQ_RESPONSES'!$F$2:$F$44>7))>0)*1) | D5: Any ASQ item value outside the valid 1-7 Likert range (expect 0).
A6: negative latency_ms | B6: =IF(C6=0,"PASS",IF(C6>0,"FAIL","PASS")) | C6: =SUMPRODUCT((('06_SYSTEM_METRICS'!$D$2:$D$44<>"")*('06_SYSTEM_METRICS'!$D$2:$D$44<0))*1) | D6: latency_ms values below zero (expect 0).
A7: negative completion_time_sec | B7: =IF(C7=0,"PASS",IF(C7>0,"WARNING","PASS")) | C7: =SUMPRODUCT((('05_TASK_PERFORMANCE'!$F$2:$F$44<>"")*('05_TASK_PERFORMANCE'!$F$2:$F$44<0))*1) | D7: completion_time_sec values below zero -- a genuine data quirk (1 row expected: participant with a negative proxy duration, source-flagged completion_time_valid=False).
A8: >1h outlier completion_time_sec | B8: =IF(C8=0,"PASS",IF(C8>0,"WARNING","PASS")) | C8: =SUMPRODUCT((('05_TASK_PERFORMANCE'!$F$2:$F$44<>"")*('05_TASK_PERFORMANCE'!$F$2:$F$44>3600))*1) | D8: completion_time_sec values over 1 hour -- genuine outliers (2 rows expected, source-flagged completion_time_outlier=True).
A9: invalid scenario_id | B9: =IF(C9=0,"PASS",IF(C9>0,"FAIL","PASS")) | C9: =SUMPRODUCT((('03_OBSERVATIONS'!$C$2:$C$44<>"S1")*('03_OBSERVATIONS'!$C$2:$C$44<>"S2"))*1) | D9: scenario_id values outside {S1, S2} (expect 0).
A10: missing ASQ (incomplete item set) | B10: =IF(C10=0,"PASS",IF(C10>0,"FAIL","PASS")) | C10: =COUNTIF('04_ASQ_RESPONSES'!$G$2:$G$44,"") | D10: Rows where asq_mean is blank, i.e. at least one of the 3 ASQ items is missing (expect 0; all 43 rows have full ASQ item sets).
A11: missing task_success | B11: =IF(C11=0,"PASS",IF(C11>0,"WARNING","PASS")) | C11: =COUNTIF('05_TASK_PERFORMANCE'!$D$2:$D$44,"") | D11: Rows with blank task_success -- expected 1 (row with no linked production trace_id).
A12: missing latency | B12: =IF(C12=0,"PASS",IF(C12>0,"WARNING","PASS")) | C12: =COUNTIF('06_SYSTEM_METRICS'!$D$2:$D$44,"") | D12: Rows with blank latency_ms -- expected 1 (same no-linked-turn row).
A13: incomplete scenario pair (participant missing S1 or S2) | B13: =IF(C13=0,"PASS",IF(C13>0,"WARNING","PASS")) | C13: =SUMPRODUCT((COUNTIF('03_OBSERVATIONS'!$B$2:$B$44,'02_PARTICIPANTS'!$A$2:$A$23)<2)*1) | D13: Participants with fewer than 2 observation rows -- expected 1 (participant missing S2).
